,tweet,textblob_polarity,textblob_subjectivity,nltk,vader
0,EUR/USD has formed a Channel Up pattern on the 1H chart. The pattern has 41% quality and 50% magnitude in the 113-bar period.,0.0,0.0,"{'neg': 0.0, 'neu': 1.0, 'pos': 0.0, 'compound': 0.0}","{'neg': 0.0, 'neu': 1.0, 'pos': 0.0, 'compound': 0.0}"
1,yesterday  gold and eur/usd made me think gold was high today,0.16,0.5399999999999999,"{'neg': 0.0, 'neu': 1.0, 'pos': 0.0, 'compound': 0.0}","{'neg': 0.0, 'neu': 1.0, 'pos': 0.0, 'compound': 0.0}"
2,"#EUR/USD: Today's rally was a bit of a 'surprise', and yet resistance is holding @ 1.3000 and the larger setup still points us downwards.",0.0,0.5,"{'neg': 0.0, 'neu': 1.0, 'pos': 0.0, 'compound': 0.0}","{'neg': 0.0, 'neu': 1.0, 'pos': 0.0, 'compound': 0.0}"
3,eur/usd better flat now monday US closed 4 memorial day and UK spring banks holyday.,0.2375,0.3125,"{'neg': 0.0, 'neu': 0.756, 'pos': 0.244, 'compound': 0.4404}","{'neg': 0.0, 'neu': 0.756, 'pos': 0.244, 'compound': 0.4404}"
4,"EUR/USD   remains on the upside and is challenging its previous high, the RSI is well directed. #EUR #USD $EURUSD",0.031111111111111117,0.3688888888888888,"{'neg': 0.0, 'neu': 0.811, 'pos': 0.189, 'compound': 0.2732}","{'neg': 0.0, 'neu': 0.811, 'pos': 0.189, 'compound': 0.2732}"
5,RBS: We still favour buying dollars. We still forecast sizeable declines in EUR and in GBP against the USD over the next 12 months,0.0,0.0,"{'neg': 0.0, 'neu': 0.805, 'pos': 0.195, 'compound': 0.4404}","{'neg': 0.0, 'neu': 0.805, 'pos': 0.195, 'compound': 0.4404}"
6,USD move lower is painful really - as few currencies other than EUR and GBP are really making much ground. Commods continue to struggle here,0.2,0.2,"{'neg': 0.297, 'neu': 0.703, 'pos': 0.0, 'compound': -0.6705}","{'neg': 0.297, 'neu': 0.703, 'pos': 0.0, 'compound': -0.6705}"
7,I will be trading Eur/usd and gbp/usd in the evening uk time when they range a lot and will be using 5 min short term trade in,0.0,0.3,"{'neg': 0.0, 'neu': 1.0, 'pos': 0.0, 'compound': 0.0}","{'neg': 0.0, 'neu': 1.0, 'pos': 0.0, 'compound': 0.0}"
8,EUR/USD Is And Will Remain A Sell On Rallies,0.0,0.0,"{'neg': 0.0, 'neu': 1.0, 'pos': 0.0, 'compound': 0.0}","{'neg': 0.0, 'neu': 1.0, 'pos': 0.0, 'compound': 0.0}"
9,both our trades in EUR/USD and GBP/USD longs are giving us more than 100 pips hold for more!! break above 1.3020 &amp; 1.5160 wud bring more..,-0.05,0.4,"{'neg': 0.0, 'neu': 1.0, 'pos': 0.0, 'compound': 0.0}","{'neg': 0.0, 'neu': 1.0, 'pos': 0.0, 'compound': 0.0}"
10,@Federico_Lago $ index look very similar to USD/CHF and the opposite of EUR/USD. The neckline on the H&amp;S pattern should provide good support,0.35,0.5,"{'neg': 0.0, 'neu': 0.663, 'pos': 0.337, 'compound': 0.6808}","{'neg': 0.0, 'neu': 0.663, 'pos': 0.337, 'compound': 0.6808}"
11,Flash: What can we expect of the EUR/USD? – UBS and Commerzbank,0.0,0.0,"{'neg': 0.0, 'neu': 1.0, 'pos': 0.0, 'compound': 0.0}","{'neg': 0.0, 'neu': 1.0, 'pos': 0.0, 'compound': 0.0}"
12,The Euro continues to gain following the good German sentiment figures.EUR/USD has just pushed over resistance and GBP/EUR close to 6-wk low,0.2333333333333333,0.30000000000000004,"{'neg': 0.108, 'neu': 0.567, 'pos': 0.325, 'compound': 0.6369}","{'neg': 0.108, 'neu': 0.567, 'pos': 0.325, 'compound': 0.6369}"
13,"aaaand in the left corner... weighing in at a combined and unfathomable amount of QE, the $EUR/USD! Ladies and Gentlemen, it's on a RAMPAGE!",0.0,0.0,"{'neg': 0.0, 'neu': 1.0, 'pos': 0.0, 'compound': 0.0}","{'neg': 0.0, 'neu': 1.0, 'pos': 0.0, 'compound': 0.0}"
14,The Euro continues to gain following the good German sentiment figures.EUR/USD has just pushed over resistance and GBP/EUR close to 6-wk low,0.2333333333333333,0.30000000000000004,"{'neg': 0.108, 'neu': 0.567, 'pos': 0.325, 'compound': 0.6369}","{'neg': 0.108, 'neu': 0.567, 'pos': 0.325, 'compound': 0.6369}"
15,The EUR/USD closed Bullish yesterday after trading over 140 pips to the upside. The market is trading back above Monthly S&amp;R and the 1.29 CL,0.0,0.0,"{'neg': 0.0, 'neu': 1.0, 'pos': 0.0, 'compound': 0.0}","{'neg': 0.0, 'neu': 1.0, 'pos': 0.0, 'compound': 0.0}"
16,"USD/JPY
Options: 101.00/50 and 102.00

EUR/USD
Options: 1.2900 and 1.3000

GBP/USD
Options: 1.5000 and 1.5250

AUD/USD
Options: 0.985...",0.0,0.0,"{'neg': 0.0, 'neu': 1.0, 'pos': 0.0, 'compound': 0.0}","{'neg': 0.0, 'neu': 1.0, 'pos': 0.0, 'compound': 0.0}"
17,Commerzbank EUR/USD order book model lacks direction with the buy and sell order densities about equal when was taken at  1.2938.,0.05,0.325,"{'neg': 0.15, 'neu': 0.85, 'pos': 0.0, 'compound': -0.3182}","{'neg': 0.15, 'neu': 0.85, 'pos': 0.0, 'compound': -0.3182}"
18,@crisptoast GM John. How are you? I'm sitting here loaded with AUD/USD and EUR/USD longs waiting for some kind of a resolution.,0.27499999999999997,0.65,"{'neg': 0.0, 'neu': 0.702, 'pos': 0.298, 'compound': 0.5267}","{'neg': 0.0, 'neu': 0.702, 'pos': 0.298, 'compound': 0.5267}"
19,"#FX: Aussie, NZD, CAD, GBP are weaker this morning, while USD and EUR are mixed and JPY is weaker across the board ^KB",0.0,0.0,"{'neg': 0.345, 'neu': 0.655, 'pos': 0.0, 'compound': -0.7003}","{'neg': 0.345, 'neu': 0.655, 'pos': 0.0, 'compound': -0.7003}"
20,"Daily FX :  Dollar Fails to Break EUR/USDs 1.2750 Support as Risk, QE3 Fears Steady Stimulus will end&amp;hellip;eventually. And, this real",-0.15,0.3,"{'neg': 0.409, 'neu': 0.465, 'pos': 0.126, 'compound': -0.7269}","{'neg': 0.409, 'neu': 0.465, 'pos': 0.126, 'compound': -0.7269}"
21,"USD is about to restart Risk Accumulation upward,  and EUR looks follow it. Net-net, EUR/USD is mixed...",0.0,0.0,"{'neg': 0.174, 'neu': 0.826, 'pos': 0.0, 'compound': -0.2732}","{'neg': 0.174, 'neu': 0.826, 'pos': 0.0, 'compound': -0.2732}"
22,"@Sigma_Square Hi Seb, I need your advice on eur/usd, gbp/usd and usd/jpy.",0.0,0.0,"{'neg': 0.0, 'neu': 1.0, 'pos': 0.0, 'compound': 0.0}","{'neg': 0.0, 'neu': 1.0, 'pos': 0.0, 'compound': 0.0}"
23,EUR/USD : decide to trim half my positions over weekend and leave sell orders at 1.3025. There's nothing wrong with trying :v,-0.3333333333333333,0.5333333333333333,"{'neg': 0.193, 'neu': 0.807, 'pos': 0.0, 'compound': -0.4767}","{'neg': 0.193, 'neu': 0.807, 'pos': 0.0, 'compound': -0.4767}"
24,"BNP Paribas raise its 2013 target to 18,000 (from 15k). Assumes USD/JPY at 110 and EUR/JPY at 140.00",0.0,0.0,"{'neg': 0.0, 'neu': 1.0, 'pos': 0.0, 'compound': 0.0}","{'neg': 0.0, 'neu': 1.0, 'pos': 0.0, 'compound': 0.0}"
25,The USD is broadly weaker overnight with the NZD and EUR both up over 150 points from recent lows.,0.020833333333333332,0.28750000000000003,"{'neg': 0.385, 'neu': 0.615, 'pos': 0.0, 'compound': -0.6124}","{'neg': 0.385, 'neu': 0.615, 'pos': 0.0, 'compound': -0.6124}"
26,The USD is broadly weaker overnight with the AUD and EUR both up over 100 points from recent lows.,0.020833333333333332,0.28750000000000003,"{'neg': 0.385, 'neu': 0.615, 'pos': 0.0, 'compound': -0.6124}","{'neg': 0.385, 'neu': 0.615, 'pos': 0.0, 'compound': -0.6124}"
27,The USD is broadly weaker overnight with the AUD and EUR both up over 100 points from recent lows.,0.020833333333333332,0.28750000000000003,"{'neg': 0.385, 'neu': 0.615, 'pos': 0.0, 'compound': -0.6124}","{'neg': 0.385, 'neu': 0.615, 'pos': 0.0, 'compound': -0.6124}"
28,@EverFXDesk typically eur/usd and xau/usd are going same way. your position sold eur/usd and bought xau/usd. how so?,0.0,0.0,"{'neg': 0.0, 'neu': 1.0, 'pos': 0.0, 'compound': 0.0}","{'neg': 0.0, 'neu': 1.0, 'pos': 0.0, 'compound': 0.0}"
29,@MohammedNalla And also the EUR/USD volatile trade.,0.0,0.0,"{'neg': 0.0, 'neu': 1.0, 'pos': 0.0, 'compound': 0.0}","{'neg': 0.0, 'neu': 1.0, 'pos': 0.0, 'compound': 0.0}"
30,"@petergo99037185 $DAX DIVING,

ME SHORTING EUR/USD.. what a happy life..enjoy down ^GDAXI, 

MONDAY $DAX and cousin $DOW back UP, normal -:)",0.049999999999999996,0.31666666666666665,"{'neg': 0.0, 'neu': 1.0, 'pos': 0.0, 'compound': 0.0}","{'neg': 0.0, 'neu': 1.0, 'pos': 0.0, 'compound': 0.0}"
31,@piptee yep. I am long Usd against eur aud and chf..These are long term positions now we seem to have broken major trendlines,-0.109375,0.42500000000000004,"{'neg': 0.19, 'neu': 0.675, 'pos': 0.135, 'compound': -0.2263}","{'neg': 0.19, 'neu': 0.675, 'pos': 0.135, 'compound': -0.2263}"
32,"Great day to sell USD! We are buying USD back @ 1.016, EUR @1.2973, and GBP @1.5113! Call us on 519 763 7330 for large trades and quotes!",0.4,0.375,"{'neg': 0.0, 'neu': 0.814, 'pos': 0.186, 'compound': 0.6249}","{'neg': 0.0, 'neu': 0.814, 'pos': 0.186, 'compound': 0.6249}"
33,"@profitfxsigna  

DID NOT RECEIVE YOUR SIGNALS FOR EUR/USD AND GBP/USD  , PLS CHECK",0.0,0.0,"{'neg': 0.0, 'neu': 0.794, 'pos': 0.206, 'compound': 0.0772}","{'neg': 0.0, 'neu': 0.794, 'pos': 0.206, 'compound': 0.0772}"
34,Flash: What can we do with the EUR/USD? – Commerzbank and UBS,0.0,0.0,"{'neg': 0.0, 'neu': 1.0, 'pos': 0.0, 'compound': 0.0}","{'neg': 0.0, 'neu': 1.0, 'pos': 0.0, 'compound': 0.0}"
35,Deflation (JPY &amp; EUR) on the Bid and Inflation (USD) on the offer,0.0,0.0,"{'neg': 0.0, 'neu': 1.0, 'pos': 0.0, 'compound': 0.0}","{'neg': 0.0, 'neu': 1.0, 'pos': 0.0, 'compound': 0.0}"
36,"... Services already out and around expectations, 4 am EUR Flash, 3:30 pm Draghi speaking, USD 8:30 Unemployment Claims, 10 am Home Sales.",0.0,0.0,"{'neg': 0.0, 'neu': 1.0, 'pos': 0.0, 'compound': 0.0}","{'neg': 0.0, 'neu': 1.0, 'pos': 0.0, 'compound': 0.0}"
37,"Three numbers to watch: Second Estimate GDP QoQ (GBP), Unemployment Claims (USD) and ECB President Draghi Speaks (EUR)",0.0,0.0,"{'neg': 0.0, 'neu': 0.92, 'pos': 0.08, 'compound': 0.0772}","{'neg': 0.0, 'neu': 0.92, 'pos': 0.08, 'compound': 0.0772}"
38,HSBC next off the block with currency revisions. Now see EUR/USD at 1.24 (from 1.35) and AUD/USD at 0.9000 (from 0.9500) at year-end #fx,0.0,0.0,"{'neg': 0.195, 'neu': 0.805, 'pos': 0.0, 'compound': -0.4404}","{'neg': 0.195, 'neu': 0.805, 'pos': 0.0, 'compound': -0.4404}"
39,Looks like EUR/CHF has been tested and over came some resistance. Currently I am long and up 715 USD.,-0.025,0.4,"{'neg': 0.0, 'neu': 0.783, 'pos': 0.217, 'compound': 0.3612}","{'neg': 0.0, 'neu': 0.783, 'pos': 0.217, 'compound': 0.3612}"
40,"After losing first trade (-950$) on EUR/USD, we won next two trades on same currencies and each was +1560$ (+3120$) . Let's go Microsoft",0.125,0.16666666666666666,"{'neg': 0.184, 'neu': 0.816, 'pos': 0.0, 'compound': -0.4019}","{'neg': 0.184, 'neu': 0.816, 'pos': 0.0, 'compound': -0.4019}"
41,EUR/JPY &amp; EUR/USD both LOD Gold and Silver now selling off along w/ Crude,-0.7,1.0,"{'neg': 0.316, 'neu': 0.684, 'pos': 0.0, 'compound': -0.5719}","{'neg': 0.316, 'neu': 0.684, 'pos': 0.0, 'compound': -0.5719}"
42,"watching levels on 1 hr on EUR/USD, note 40-60 zone, look at confluence, and ext's",0.0,0.0,"{'neg': 0.0, 'neu': 1.0, 'pos': 0.0, 'compound': 0.0}","{'neg': 0.0, 'neu': 1.0, 'pos': 0.0, 'compound': 0.0}"
43,RT@DavidJones_IG EUR and GBP have given up all of Bernanke-inspired gains.  Fresh 1 month low for GBP/USD,0.15,0.4,"{'neg': 0.142, 'neu': 0.473, 'pos': 0.385, 'compound': 0.5574}","{'neg': 0.142, 'neu': 0.473, 'pos': 0.385, 'compound': 0.5574}"
44,EUR and GBP have given up all of Bernanke-inspired gains.  Fresh 1 month low for GBP/USD,0.15,0.4,"{'neg': 0.152, 'neu': 0.435, 'pos': 0.413, 'compound': 0.5574}","{'neg': 0.152, 'neu': 0.435, 'pos': 0.413, 'compound': 0.5574}"
45,@piptrain Morning! Just wondered what your thoughts were on Eur/Usd and whether it is wise to still be holding short ?!,0.35,0.6,"{'neg': 0.0, 'neu': 0.721, 'pos': 0.279, 'compound': 0.4767}","{'neg': 0.0, 'neu': 0.721, 'pos': 0.279, 'compound': 0.4767}"
46,$USDOLLAR being equal weighted basket USD vs AUD JPY EUR and GBP.,0.0,0.25,"{'neg': 0.0, 'neu': 1.0, 'pos': 0.0, 'compound': 0.0}","{'neg': 0.0, 'neu': 1.0, 'pos': 0.0, 'compound': 0.0}"
47,EUR/USD  filled some good-sized offers up at 1.2950; intraday sell stops  building sub-1.2920 with more beneath 1.2900 and at 1.2880,0.0,0.0,"{'neg': 0.155, 'neu': 0.845, 'pos': 0.0, 'compound': -0.296}","{'neg': 0.155, 'neu': 0.845, 'pos': 0.0, 'compound': -0.296}"
48,EUR/CHF and AUD/USD almost look part and parcel: the reversal of the bigger safe-havens beneficiaries,0.0,0.5,"{'neg': 0.0, 'neu': 1.0, 'pos': 0.0, 'compound': 0.0}","{'neg': 0.0, 'neu': 1.0, 'pos': 0.0, 'compound': 0.0}"
49,Intraday both $eur and $usd moving higher... #crazytimes,0.25,0.5,"{'neg': 0.0, 'neu': 1.0, 'pos': 0.0, 'compound': 0.0}","{'neg': 0.0, 'neu': 1.0, 'pos': 0.0, 'compound': 0.0}"
50,The #UK inflation figure released yesterday made #sterling lose against most major currencies;shedding 1 cent against the #USD and #EUR,0.0625,0.5,"{'neg': 0.252, 'neu': 0.748, 'pos': 0.0, 'compound': -0.4019}","{'neg': 0.252, 'neu': 0.748, 'pos': 0.0, 'compound': -0.4019}"
51,EUR and USD move up further v GBP. This is an opporunity for businesses paying UK based staff in EUR...hedge their salary?,-0.8,1.0,"{'neg': 0.123, 'neu': 0.877, 'pos': 0.0, 'compound': -0.1027}","{'neg': 0.123, 'neu': 0.877, 'pos': 0.0, 'compound': -0.1027}"
52,EUR and USD move up further v GBP. This is an opporunity for businesses paying UK based staff in EUR...hedge their salary?,-0.8,1.0,"{'neg': 0.123, 'neu': 0.877, 'pos': 0.0, 'compound': -0.1027}","{'neg': 0.123, 'neu': 0.877, 'pos': 0.0, 'compound': -0.1027}"
53,"NZD and EUR are top performers this week against the USD so far, up by +0.79% and +0.73%, respectively [unofficial].",0.3,0.75,"{'neg': 0.0, 'neu': 0.647, 'pos': 0.353, 'compound': 0.5994}","{'neg': 0.0, 'neu': 0.647, 'pos': 0.353, 'compound': 0.5994}"
54,"NZD and EUR are top performers this week against the USD so far, up by +0.79% and +0.73%, respectively [unofficial]",0.3,0.75,"{'neg': 0.0, 'neu': 0.647, 'pos': 0.353, 'compound': 0.5994}","{'neg': 0.0, 'neu': 0.647, 'pos': 0.353, 'compound': 0.5994}"
55,helping dial-in some good levels to sell the thing soon against EUR and USD -&gt; RT @insidegame: Norwegian Krone ...,0.35,0.30000000000000004,"{'neg': 0.0, 'neu': 0.616, 'pos': 0.384, 'compound': 0.6808}","{'neg': 0.0, 'neu': 0.616, 'pos': 0.384, 'compound': 0.6808}"
56,"DailyFXTeam: NZD and EUR are top performers this week against the USD so far, up by +0.79% and +0.73%, respectively [unofficial].",0.3,0.75,"{'neg': 0.0, 'neu': 0.671, 'pos': 0.329, 'compound': 0.5994}","{'neg': 0.0, 'neu': 0.671, 'pos': 0.329, 'compound': 0.5994}"
57,"NZD and EUR are top performers this week against the USD so far, up by +0.79% and +0.73%, respectively [unofficial].",0.3,0.75,"{'neg': 0.0, 'neu': 0.647, 'pos': 0.353, 'compound': 0.5994}","{'neg': 0.0, 'neu': 0.647, 'pos': 0.353, 'compound': 0.5994}"
58,Flash: What does the EUR/USD have to offer? – Commerzbank and UBS,0.0,0.0,"{'neg': 0.0, 'neu': 1.0, 'pos': 0.0, 'compound': 0.0}","{'neg': 0.0, 'neu': 1.0, 'pos': 0.0, 'compound': 0.0}"
59,"Devaluation of PKR. Since ‘01 PKR fell by 54% vs. USD, 68% vs. GBP, 134% vs. EUR and 96% vs. JPY. While INR lost 14% vs. USD #Pakistan",0.0,0.0,"{'neg': 0.161, 'neu': 0.839, 'pos': 0.0, 'compound': -0.3182}","{'neg': 0.161, 'neu': 0.839, 'pos': 0.0, 'compound': -0.3182}"
60,"Devaluation of PKR. Since ‘01 PKR fell by 54% vs. USD, 68% vs. GBP, 134% vs. EUR and 96% vs. JPY. While INR lost 14% vs. USD #Pakistan",0.0,0.0,"{'neg': 0.161, 'neu': 0.839, 'pos': 0.0, 'compound': -0.3182}","{'neg': 0.161, 'neu': 0.839, 'pos': 0.0, 'compound': -0.3182}"
61,"#FX: GBP, JPY, CAD, AUD and NZD are weaker today, while the EUR, USD and NOK are strongest in G10 so far ^KB",0.1,1.0,"{'neg': 0.173, 'neu': 0.655, 'pos': 0.173, 'compound': 0.0}","{'neg': 0.173, 'neu': 0.655, 'pos': 0.173, 'compound': 0.0}"
62,"EUR/USD- RES. FOUND BETWEEN 1.2925/45 WITH STOPS EYED ABOVE 1.2950, EXPECTED TO CONSOLIDATE AHEAD OF BOJ AND BERNANKE TESTIMONY",0.0,0.0,"{'neg': 0.167, 'neu': 0.833, 'pos': 0.0, 'compound': -0.296}","{'neg': 0.167, 'neu': 0.833, 'pos': 0.0, 'compound': -0.296}"
63,i will add to eur/usd long and stop will be below right shoulder 4hr,0.11785714285714285,0.46785714285714286,"{'neg': 0.268, 'neu': 0.732, 'pos': 0.0, 'compound': -0.296}","{'neg': 0.268, 'neu': 0.732, 'pos': 0.0, 'compound': -0.296}"
64,"Watching USD/JPY, EUR/JPY and GBP/JPY. I wish you success.",0.3,0.0,"{'neg': 0.0, 'neu': 0.385, 'pos': 0.615, 'compound': 0.7506}","{'neg': 0.0, 'neu': 0.385, 'pos': 0.615, 'compound': 0.7506}"
65,On AUD wagon... RT @DailyFXTeam: $USD and $JPY decline against most counterparts while $EUR and $AUD advance across the board.,0.0,0.0,"{'neg': 0.0, 'neu': 1.0, 'pos': 0.0, 'compound': 0.0}","{'neg': 0.0, 'neu': 1.0, 'pos': 0.0, 'compound': 0.0}"
66,$USD and $JPY decline against most counterparts while $EUR and $AUD advance across the board.,0.0,0.0,"{'neg': 0.0, 'neu': 1.0, 'pos': 0.0, 'compound': 0.0}","{'neg': 0.0, 'neu': 1.0, 'pos': 0.0, 'compound': 0.0}"
67,Just checked an order and was filled short GBP/USD at 15175 stop 152 target 15100/15075 at that point will be looking at GBP/EUR good luck,0.35,0.45000000000000007,"{'neg': 0.109, 'neu': 0.597, 'pos': 0.294, 'compound': 0.5719}","{'neg': 0.109, 'neu': 0.597, 'pos': 0.294, 'compound': 0.5719}"
68,what's the best way to convert foreign currency loose change? (i'd guess maybe £50 worth of EUR and £20 worth of USD).,0.36875,0.15625,"{'neg': 0.0, 'neu': 0.579, 'pos': 0.421, 'compound': 0.7906}","{'neg': 0.0, 'neu': 0.579, 'pos': 0.421, 'compound': 0.7906}"
69,"@Benem04 I trade only USD majors, there was nice H1 SFP at USD CAD and it works great. Wait a moment, let me see EUR CAD chart",0.4875,0.75,"{'neg': 0.0, 'neu': 0.661, 'pos': 0.339, 'compound': 0.8016}","{'neg': 0.0, 'neu': 0.661, 'pos': 0.339, 'compound': 0.8016}"
70,Right now I'm long EUR/CHF and Short GPB/USD. Waiting to see if either one is going to be a money maker for me today. Happy Trading!,0.07857142857142857,0.41190476190476194,"{'neg': 0.0, 'neu': 1.0, 'pos': 0.0, 'compound': 0.0}","{'neg': 0.0, 'neu': 1.0, 'pos': 0.0, 'compound': 0.0}"
71,EUR/USD failed to break below 1.2840 and rise a head after FED Bullard speak,-0.5,0.29999999999999993,"{'neg': 0.304, 'neu': 0.696, 'pos': 0.0, 'compound': -0.5423}","{'neg': 0.304, 'neu': 0.696, 'pos': 0.0, 'compound': -0.5423}"
72,#EURUSD we may see a good opportunity.. maybe following the #EUR good news and some #USD rumor..,0.7,0.6000000000000001,"{'neg': 0.0, 'neu': 0.547, 'pos': 0.453, 'compound': 0.7003}","{'neg': 0.0, 'neu': 0.547, 'pos': 0.453, 'compound': 0.7003}"
73,@edponsi Ed If AUd/USd is 0.9 by year end where will be EUR/USD and GBP/USD? If AUD goes that low means things will be bad around the world.,-0.3374999999999999,0.5513888888888889,"{'neg': 0.359, 'neu': 0.641, 'pos': 0.0, 'compound': -0.6808}","{'neg': 0.359, 'neu': 0.641, 'pos': 0.0, 'compound': -0.6808}"
74,Eur/usd short here at 1.2864 in case shprt again at 1.2885 and below 1.2847 if confirmed.,0.0,0.3,"{'neg': 0.0, 'neu': 1.0, 'pos': 0.0, 'compound': 0.0}","{'neg': 0.0, 'neu': 1.0, 'pos': 0.0, 'compound': 0.0}"
75,Spent two hours trading EUR/USD and USD/JPY and made $200 profit. With one USD bullish trade I lost double the amount.#Moneycomeshard,-0.1,0.1,"{'neg': 0.12, 'neu': 0.729, 'pos': 0.151, 'compound': 0.1531}","{'neg': 0.12, 'neu': 0.729, 'pos': 0.151, 'compound': 0.1531}"
76,"Kisima Account
This is a single tariff transactional a/c with no transaction fee to it. A/c available in USD, GBP and EUR.",0.0,0.0,"{'neg': 0.0, 'neu': 1.0, 'pos': 0.0, 'compound': 0.0}","{'neg': 0.0, 'neu': 1.0, 'pos': 0.0, 'compound': 0.0}"
77,#EUR/USD Trade may settle between large option expiries at 1.2845-50 and 1.2900,0.0,0.0,"{'neg': 0.0, 'neu': 1.0, 'pos': 0.0, 'compound': 0.0}","{'neg': 0.0, 'neu': 1.0, 'pos': 0.0, 'compound': 0.0}"
78,..EUR is working for the EU zone economical recovery...getting stronger in front of Asian currencies and weaker in front of the USD...,0.0,0.0,"{'neg': 0.187, 'neu': 0.645, 'pos': 0.168, 'compound': -0.0772}","{'neg': 0.187, 'neu': 0.645, 'pos': 0.168, 'compound': -0.0772}"
79,"@TechspectPi Yes indeed. We accept GBP (our head office is based in the UK), USD and EUR.",-0.8,1.0,"{'neg': 0.0, 'neu': 0.569, 'pos': 0.431, 'compound': 0.6486}","{'neg': 0.0, 'neu': 0.569, 'pos': 0.431, 'compound': 0.6486}"
80,Flash: What can we do with the EUR/USD? – UBS and Commerzbank,0.0,0.0,"{'neg': 0.0, 'neu': 1.0, 'pos': 0.0, 'compound': 0.0}","{'neg': 0.0, 'neu': 1.0, 'pos': 0.0, 'compound': 0.0}"
81,"#FX: JPY, GBP, CAD are weak this morning, while USD, EUR and AUD are mixed. NZD and SEK are strongest in G10 ^KB",-0.375,0.625,"{'neg': 0.173, 'neu': 0.655, 'pos': 0.173, 'compound': 0.0}","{'neg': 0.173, 'neu': 0.655, 'pos': 0.173, 'compound': 0.0}"
82,"#FX: JPY, GBP, CAD are weak this morning, while USD, EUR and AUD are mixed. NZD and SEK are strongest in G10 ^KB",-0.375,0.625,"{'neg': 0.173, 'neu': 0.655, 'pos': 0.173, 'compound': 0.0}","{'neg': 0.173, 'neu': 0.655, 'pos': 0.173, 'compound': 0.0}"
83,"Trading range eur/usd 1.2785 - 1.3019
Tradiong range gold 1321 - 1464
Turning days monday and wednesday/thursday",0.0,0.0,"{'neg': 0.0, 'neu': 1.0, 'pos': 0.0, 'compound': 0.0}","{'neg': 0.0, 'neu': 1.0, 'pos': 0.0, 'compound': 0.0}"
84,"USD stops Risk Accumulation, and EUR &amp; EUR/USD stop Risk Diffusion ahead of Bernanki's testimony &amp; FOMC minutes on Wednesday.",0.0,0.0,"{'neg': 0.398, 'neu': 0.602, 'pos': 0.0, 'compound': -0.765}","{'neg': 0.398, 'neu': 0.602, 'pos': 0.0, 'compound': -0.765}"
85,"@MrMacroMarkets add #EUR and #JPY, $USD strength",0.0,0.0,"{'neg': 0.0, 'neu': 0.385, 'pos': 0.615, 'compound': 0.4939}","{'neg': 0.0, 'neu': 0.385, 'pos': 0.615, 'compound': 0.4939}"
86,"EUR/USD 1.2875 -0.07, even better,.&lt;&gt;&lt;&gt; BOJ active $/YEN 102.45 +0.19, pushy pushy YEN early, makes EUR/USD and GBP/USD retrace minus!",-0.1,0.1,"{'neg': 0.0, 'neu': 1.0, 'pos': 0.0, 'compound': 0.0}","{'neg': 0.0, 'neu': 1.0, 'pos': 0.0, 'compound': 0.0}"
87,Nice HL30 trades on the EUR/USD and the GBP/USD. Remember you can scale out using two target and potentially earn 60 pips each,0.6,1.0,"{'neg': 0.0, 'neu': 0.811, 'pos': 0.189, 'compound': 0.4215}","{'neg': 0.0, 'neu': 0.811, 'pos': 0.189, 'compound': 0.4215}"
88,I keep holding all EUR/USD short and will re enter short should one of my positions stopped out at breakeven 1.2925.,0.0,0.3,"{'neg': 0.18, 'neu': 0.82, 'pos': 0.0, 'compound': -0.296}","{'neg': 0.18, 'neu': 0.82, 'pos': 0.0, 'compound': -0.296}"
89,"MEMBERS: Daily Trade Recap posted and available now. Re: USD retracement underway on all majors (focus: EUR/USD), and how to scalp it. #fx",0.0625,0.5,"{'neg': 0.0, 'neu': 1.0, 'pos': 0.0, 'compound': 0.0}","{'neg': 0.0, 'neu': 1.0, 'pos': 0.0, 'compound': 0.0}"
90,Eur /usd area 12910 price action and roll?.,0.1,0.1,"{'neg': 0.0, 'neu': 1.0, 'pos': 0.0, 'compound': 0.0}","{'neg': 0.0, 'neu': 1.0, 'pos': 0.0, 'compound': 0.0}"
91,"The rand (ZAR) at 9,4466/USD and 12,1566/EUR. 

Off intraday low...but that Nelly song keeps ringing in my head ""it's gettin' hot in here""",0.25,0.8500000000000001,"{'neg': 0.0, 'neu': 1.0, 'pos': 0.0, 'compound': 0.0}","{'neg': 0.0, 'neu': 1.0, 'pos': 0.0, 'compound': 0.0}"
92,Out of $EURSEK for a loss. Guess it needs more time (obviously) Still short USDJPY and long EUR AUD NZD vs. USD. $DX_F $UUP,-0.016666666666666666,0.4000000000000001,"{'neg': 0.133, 'neu': 0.867, 'pos': 0.0, 'compound': -0.3182}","{'neg': 0.133, 'neu': 0.867, 'pos': 0.0, 'compound': -0.3182}"
93,Made quite a bit overnight from my EUR/USD long at 1.2804 on Fri.  Have trimmed half and letting rest sit for now,-0.10833333333333334,0.2833333333333333,"{'neg': 0.0, 'neu': 1.0, 'pos': 0.0, 'compound': 0.0}","{'neg': 0.0, 'neu': 1.0, 'pos': 0.0, 'compound': 0.0}"
94,Flash: What does the EUR/USD have to offer? – BBH and Westpac,0.0,0.0,"{'neg': 0.0, 'neu': 1.0, 'pos': 0.0, 'compound': 0.0}","{'neg': 0.0, 'neu': 1.0, 'pos': 0.0, 'compound': 0.0}"
95,"@gerryvanderwalt nothing special, but some rates are displayed in ZAR, some in USD and i have to check an exchange rate calculator for EUR",0.35714285714285715,0.5714285714285714,"{'neg': 0.0, 'neu': 0.787, 'pos': 0.213, 'compound': 0.4019}","{'neg': 0.0, 'neu': 0.787, 'pos': 0.213, 'compound': 0.4019}"
96,@saraeisenfx Sara! Interested in why the USD and EUR act so differently in contrast to similar measures taken by their central banks?,0.0,0.325,"{'neg': 0.0, 'neu': 0.786, 'pos': 0.214, 'compound': 0.4588}","{'neg': 0.0, 'neu': 0.786, 'pos': 0.214, 'compound': 0.4588}"
97,"BREAKING:  As currency markets open, EUR/USD and AUD/USD higher.  #Riskoff @Mcrimson714",0.125,0.5,"{'neg': 0.0, 'neu': 1.0, 'pos': 0.0, 'compound': 0.0}","{'neg': 0.0, 'neu': 1.0, 'pos': 0.0, 'compound': 0.0}"
98,AMR updates   longs #SPX 1000% #DJIA 87.5% #SPI 50% #DAX 87.5% #FTSE 75%  #USD +100% ..... and shorts .... #EUR 7%% #AUD 127%,-0.025,0.35,"{'neg': 0.0, 'neu': 1.0, 'pos': 0.0, 'compound': 0.0}","{'neg': 0.0, 'neu': 1.0, 'pos': 0.0, 'compound': 0.0}"
99,EXCITING! EUR/USD and USD/JPY about to touch the market. =))) #STOKED.,0.0,0.0,"{'neg': 0.0, 'neu': 1.0, 'pos': 0.0, 'compound': 0.0}","{'neg': 0.0, 'neu': 1.0, 'pos': 0.0, 'compound': 0.0}"
100,People are buying up USD and EUR like mad. Maybe the rate has dropped to the norms already,-0.625,1.0,"{'neg': 0.335, 'neu': 0.506, 'pos': 0.158, 'compound': -0.4215}","{'neg': 0.335, 'neu': 0.506, 'pos': 0.158, 'compound': -0.4215}"
101,"I had a nice week with a lot of FGBL,EUR/USD and Dax-Shots,but this is something you usually don´t need &gt; manage yourself &gt;just reco to me!!",0.175,0.625,"{'neg': 0.0, 'neu': 0.797, 'pos': 0.203, 'compound': 0.4215}","{'neg': 0.0, 'neu': 0.797, 'pos': 0.203, 'compound': 0.4215}"
102,"GBP/USD entry taken, cautiously as EUR/USD &amp; USD/CHF still have room to move to their potential entry points, and still will be in the range",0.0,0.0,"{'neg': 0.091, 'neu': 0.909, 'pos': 0.0, 'compound': -0.1027}","{'neg': 0.091, 'neu': 0.909, 'pos': 0.0, 'compound': -0.1027}"
103,"EUR/USD did give a print below 1.28 and USD/JPY did give a print above 103, mean reversion now",-0.3125,0.6875,"{'neg': 0.0, 'neu': 1.0, 'pos': 0.0, 'compound': 0.0}","{'neg': 0.0, 'neu': 1.0, 'pos': 0.0, 'compound': 0.0}"
104,Have a hunch it is now a better idea to look at EUR CHF and CAD than AUD and NZD for USD performance.,0.5,0.5,"{'neg': 0.0, 'neu': 0.775, 'pos': 0.225, 'compound': 0.4404}","{'neg': 0.0, 'neu': 0.775, 'pos': 0.225, 'compound': 0.4404}"
105,Gained +50pips so far today on USD/CHF  and EUR/USD,0.1,1.0,"{'neg': 0.0, 'neu': 0.595, 'pos': 0.405, 'compound': 0.5267}","{'neg': 0.0, 'neu': 0.595, 'pos': 0.405, 'compound': 0.5267}"
106,EUR/USD and USD/JPY breakouts not confirmed,0.0,0.0,"{'neg': 0.0, 'neu': 1.0, 'pos': 0.0, 'compound': 0.0}","{'neg': 0.0, 'neu': 1.0, 'pos': 0.0, 'compound': 0.0}"
107,@gregmcleodtradr  and the pressure on the Eur/Usd continues its downward path.,0.0,0.0,"{'neg': 0.0, 'neu': 1.0, 'pos': 0.0, 'compound': 0.0}","{'neg': 0.0, 'neu': 1.0, 'pos': 0.0, 'compound': 0.0}"
108,earlier (just about an hour after taking USD profits) I had to nibble long the USD again today. Bearish wedge breakdown and weekly TL EUR,-0.025,0.45,"{'neg': 0.0, 'neu': 0.818, 'pos': 0.182, 'compound': 0.4404}","{'neg': 0.0, 'neu': 0.818, 'pos': 0.182, 'compound': 0.4404}"
109,EUR / USD price ranges between 1.2845 and 1.2890.,0.0,0.0,"{'neg': 0.0, 'neu': 1.0, 'pos': 0.0, 'compound': 0.0}","{'neg': 0.0, 'neu': 1.0, 'pos': 0.0, 'compound': 0.0}"
110,@CutieHoneyz I have no position in &gt;EUR/USD yet - won´t enter one today &gt; concentrating at Dax and Bund ..greets :-),0.0,0.0,"{'neg': 0.0, 'neu': 0.813, 'pos': 0.187, 'compound': 0.3182}","{'neg': 0.0, 'neu': 0.813, 'pos': 0.187, 'compound': 0.3182}"
111,We're expecting some decent volatility today being options expiration. For EUR/USD still waiting for key 1.2850 level to give and break.,0.08333333333333333,0.8333333333333333,"{'neg': 0.0, 'neu': 1.0, 'pos': 0.0, 'compound': 0.0}","{'neg': 0.0, 'neu': 1.0, 'pos': 0.0, 'compound': 0.0}"
112,We're expecting some decent volatility today being options expiration. For EUR/USD still waiting for key 1.2850 level to give and break.,0.08333333333333333,0.8333333333333333,"{'neg': 0.0, 'neu': 1.0, 'pos': 0.0, 'compound': 0.0}","{'neg': 0.0, 'neu': 1.0, 'pos': 0.0, 'compound': 0.0}"
113,We're expecting some decent volatility today being options expiration. For EUR/USD still waiting for key 1.2850 level to give and break.,0.08333333333333333,0.8333333333333333,"{'neg': 0.0, 'neu': 1.0, 'pos': 0.0, 'compound': 0.0}","{'neg': 0.0, 'neu': 1.0, 'pos': 0.0, 'compound': 0.0}"
114,We're expecting some decent volatility today being options expiration. For EUR/USD still waiting for key 1.2850 level to give and break.,0.08333333333333333,0.8333333333333333,"{'neg': 0.0, 'neu': 1.0, 'pos': 0.0, 'compound': 0.0}","{'neg': 0.0, 'neu': 1.0, 'pos': 0.0, 'compound': 0.0}"
115,"I have closed ALL USD longs that I have accumulated over the last 2 months $DX_F against AUD, NZD, CAD, EUR, GBP, SEK, NOK and CHF",-0.025,0.23333333333333334,"{'neg': 0.0, 'neu': 1.0, 'pos': 0.0, 'compound': 0.0}","{'neg': 0.0, 'neu': 1.0, 'pos': 0.0, 'compound': 0.0}"
116,"GS: EUR/USD forecast lowered to 1.34, 1.37 for 3- and 6-mo from 1.36 and 1.40.",0.0,0.0,"{'neg': 0.239, 'neu': 0.761, 'pos': 0.0, 'compound': -0.296}","{'neg': 0.239, 'neu': 0.761, 'pos': 0.0, 'compound': -0.296}"
117,"Flash: What can we do with the EUR/USD? – Westpac, Commerzbank and UBS",0.0,0.0,"{'neg': 0.0, 'neu': 1.0, 'pos': 0.0, 'compound': 0.0}","{'neg': 0.0, 'neu': 1.0, 'pos': 0.0, 'compound': 0.0}"
118,"AUD breaks support levels against JPY, USD and EUR. No end in sight for bearish momentum.",0.0,0.0,"{'neg': 0.0, 'neu': 0.787, 'pos': 0.213, 'compound': 0.4019}","{'neg': 0.0, 'neu': 0.787, 'pos': 0.213, 'compound': 0.4019}"
119,"USD strengthening, AUD new low at 0.9780 and EUR down to 1.2870. #FX",0.06818181818181818,0.37727272727272726,"{'neg': 0.202, 'neu': 0.577, 'pos': 0.221, 'compound': 0.0516}","{'neg': 0.202, 'neu': 0.577, 'pos': 0.221, 'compound': 0.0516}"
120,"Now the Flock of #FED doves has flown over and the #EUR/USD is unchanged, lets see the reaction when the #Hawks Come back to play. #Hopium",0.0,0.0,"{'neg': 0.0, 'neu': 0.806, 'pos': 0.194, 'compound': 0.34}","{'neg': 0.0, 'neu': 0.806, 'pos': 0.194, 'compound': 0.34}"
121,"Keep long USD, and keep short EUR - Societe Generale",4.625929269271485e-18,0.39999999999999997,"{'neg': 0.0, 'neu': 1.0, 'pos': 0.0, 'compound': 0.0}","{'neg': 0.0, 'neu': 1.0, 'pos': 0.0, 'compound': 0.0}"
122,@piptrain what should be stop on gbp/usd. And eur/usd?,0.0,0.0,"{'neg': 0.524, 'neu': 0.476, 'pos': 0.0, 'compound': -0.296}","{'neg': 0.524, 'neu': 0.476, 'pos': 0.0, 'compound': -0.296}"
123,Today's numbers further reinforce my preference for GBP over EUR and USD. Still long,-0.05,0.4,"{'neg': 0.0, 'neu': 0.86, 'pos': 0.14, 'compound': 0.0772}","{'neg': 0.0, 'neu': 0.86, 'pos': 0.14, 'compound': 0.0772}"
124,Today's numbers further reinforce my preference for GBP over EUR and USD. Still long,-0.05,0.4,"{'neg': 0.0, 'neu': 0.86, 'pos': 0.14, 'compound': 0.0772}","{'neg': 0.0, 'neu': 0.86, 'pos': 0.14, 'compound': 0.0772}"
125,Gregory  Today's numbers further reinforce my preference for GBP over EUR and USD. Still long  MShin,-0.05,0.4,"{'neg': 0.0, 'neu': 0.885, 'pos': 0.115, 'compound': 0.0772}","{'neg': 0.0, 'neu': 0.885, 'pos': 0.115, 'compound': 0.0772}"
126,Today's numbers further reinforce my preference for GBP over EUR and USD. Still long,-0.05,0.4,"{'neg': 0.0, 'neu': 0.86, 'pos': 0.14, 'compound': 0.0772}","{'neg': 0.0, 'neu': 0.86, 'pos': 0.14, 'compound': 0.0772}"
127,"@DavidJSong Hey David, also got lucky tbh you can't time things always but yesterday I bailed 1/2 my USD and 1/3 of EUR/CHF longs. :D",-0.05,0.4,"{'neg': 0.0, 'neu': 1.0, 'pos': 0.0, 'compound': 0.0}","{'neg': 0.0, 'neu': 1.0, 'pos': 0.0, 'compound': 0.0}"
128,$EUR/USD and $GBP/USD breaking out - on watch,0.0,0.0,"{'neg': 0.0, 'neu': 1.0, 'pos': 0.0, 'compound': 0.0}","{'neg': 0.0, 'neu': 1.0, 'pos': 0.0, 'compound': 0.0}"
129,ZAR weakens by over 1% against the EUR and nearly 2% against the USD amid further fears of job cuts and consequent strikes by mine workers!,0.1,0.4,"{'neg': 0.516, 'neu': 0.484, 'pos': 0.0, 'compound': -0.8225}","{'neg': 0.516, 'neu': 0.484, 'pos': 0.0, 'compound': -0.8225}"
130,DB: USD’s resilience signals that currency is in midst of major uptrend; recommend going long DXY and USD/JPY and short on EUR/USD,0.004166666666666666,0.39999999999999997,"{'neg': 0.0, 'neu': 0.812, 'pos': 0.188, 'compound': 0.4173}","{'neg': 0.0, 'neu': 0.812, 'pos': 0.188, 'compound': 0.4173}"
131,In past several years we have seen strong correlation between EUR/USD performance and SPX. That correlation is lower as dollar rel. higher.,0.14444444444444443,0.49444444444444446,"{'neg': 0.126, 'neu': 0.686, 'pos': 0.189, 'compound': 0.2732}","{'neg': 0.126, 'neu': 0.686, 'pos': 0.189, 'compound': 0.2732}"
132,"EUR/USD: Contradicting reports from two french banks. BNP still targets 1.3400, and  Credit Agricole’s sees a return to year’s lows",0.0,0.15,"{'neg': 0.22, 'neu': 0.65, 'pos': 0.13, 'compound': -0.2023}","{'neg': 0.22, 'neu': 0.65, 'pos': 0.13, 'compound': -0.2023}"
133,"#FX: The USD is the top performer in the G10, the EUR and GBP are mixed, CAD, AUD and NZD are weak along with the CHF ^KB",0.0625,0.5625,"{'neg': 0.185, 'neu': 0.701, 'pos': 0.115, 'compound': -0.2732}","{'neg': 0.185, 'neu': 0.701, 'pos': 0.115, 'compound': -0.2732}"
134,"Today we have a lot of important data coming out from united state, it will have a big effect on the EUR/USD, GBP/USD ,AUD/USD and USD/JPY.",0.0,0.1,"{'neg': 0.0, 'neu': 1.0, 'pos': 0.0, 'compound': 0.0}","{'neg': 0.0, 'neu': 1.0, 'pos': 0.0, 'compound': 0.0}"
135,Buy EUR USD from 1.2870 and consolidation from 1.2830,0.0,0.0,"{'neg': 0.0, 'neu': 1.0, 'pos': 0.0, 'compound': 0.0}","{'neg': 0.0, 'neu': 1.0, 'pos': 0.0, 'compound': 0.0}"
136,EUR/USD forecast and the predictions for the major world currencies | Stock forecast based on a predictive algorithm | I Know First...,-0.1625,0.611111111111111,"{'neg': 0.0, 'neu': 1.0, 'pos': 0.0, 'compound': 0.0}","{'neg': 0.0, 'neu': 1.0, 'pos': 0.0, 'compound': 0.0}"
137,@roberto_afx I shorted eur/aud earlier to make 70 pips and eur/usd to make 50 pips,0.0,0.4,"{'neg': 0.0, 'neu': 1.0, 'pos': 0.0, 'compound': 0.0}","{'neg': 0.0, 'neu': 1.0, 'pos': 0.0, 'compound': 0.0}"
138,@CNBCWorld Should SNB sell EUR &amp;/or USD into CHF weakness and if not should they be (if they can manage it undetected?) #EuropeanClosingBell,-0.375,0.625,"{'neg': 0.266, 'neu': 0.734, 'pos': 0.0, 'compound': -0.4404}","{'neg': 0.266, 'neu': 0.734, 'pos': 0.0, 'compound': -0.4404}"
139,"buying AUD/USD at 0.99110, buy GBP/USD at 1.52573, EUR/USD at 1.28791 and silver at 22.986",0.0,0.0,"{'neg': 0.0, 'neu': 1.0, 'pos': 0.0, 'compound': 0.0}","{'neg': 0.0, 'neu': 1.0, 'pos': 0.0, 'compound': 0.0}"
140,"@FXexaminer  
Hi Neal what r stop loose and take target points for EUR/USD trade we put in webinar.sorry I was late and missed It.",-0.3,0.6,"{'neg': 0.275, 'neu': 0.725, 'pos': 0.0, 'compound': -0.4215}","{'neg': 0.275, 'neu': 0.725, 'pos': 0.0, 'compound': -0.4215}"
141,Currently goin short on NZD/USD and EUR/USD,0.0,0.35,"{'neg': 0.0, 'neu': 1.0, 'pos': 0.0, 'compound': 0.0}","{'neg': 0.0, 'neu': 1.0, 'pos': 0.0, 'compound': 0.0}"
142,"GOOD ENOUGHT. I AM CLOSING ALL USD/CHF AT 0,9365 + 325 PIPS. AND EUR/USD +3 PIPS.",0.7,0.6000000000000001,"{'neg': 0.0, 'neu': 0.734, 'pos': 0.266, 'compound': 0.4404}","{'neg': 0.0, 'neu': 0.734, 'pos': 0.266, 'compound': 0.4404}"
143,EUR/USD met 1.2875 and looks weak for 1.2750 while belo 1.2950-1.3000,-0.375,0.625,"{'neg': 0.293, 'neu': 0.707, 'pos': 0.0, 'compound': -0.4404}","{'neg': 0.293, 'neu': 0.707, 'pos': 0.0, 'compound': -0.4404}"
144,#Qatar and #Switzerland are expected to announce the #formation of an #investment #fund valued at EUR 400million (USD 522 million),0.0,0.0,"{'neg': 0.0, 'neu': 1.0, 'pos': 0.0, 'compound': 0.0}","{'neg': 0.0, 'neu': 1.0, 'pos': 0.0, 'compound': 0.0}"
145,@DavidJSong I also notice GBPJPY didn't join the same party as EUR and USD yesterday - bit of divergence,0.0,0.0,"{'neg': 0.159, 'neu': 0.841, 'pos': 0.0, 'compound': -0.2235}","{'neg': 0.159, 'neu': 0.841, 'pos': 0.0, 'compound': -0.2235}"
146,"@AnasSleiman Would you recommend to Buy GBP/USD and EUR/USD at this time (15 May, 2013)?",0.0,0.0,"{'neg': 0.0, 'neu': 0.737, 'pos': 0.263, 'compound': 0.3612}","{'neg': 0.0, 'neu': 0.737, 'pos': 0.263, 'compound': 0.3612}"
147,Eur / usd Some high news movers today and euro is still looking weak and bigger picture showing more confirming weakness?,-0.1475,0.5725,"{'neg': 0.309, 'neu': 0.691, 'pos': 0.0, 'compound': -0.7003}","{'neg': 0.309, 'neu': 0.691, 'pos': 0.0, 'compound': -0.7003}"
148,"German and French Prelim GDP disappoints ... EUR/USD  , will 1.2900 holds?",0.0,0.0,"{'neg': 0.278, 'neu': 0.722, 'pos': 0.0, 'compound': -0.4019}","{'neg': 0.278, 'neu': 0.722, 'pos': 0.0, 'compound': -0.4019}"
149,"The NZDUSD is lower again this morning and opens at 0.8200. The NZD opens at 0.8200 USD, 0.8285 AUD, 0.6335 EUR, 0.5385 GBP, &amp; 83.85 JPY.",0.0,0.5,"{'neg': 0.115, 'neu': 0.885, 'pos': 0.0, 'compound': -0.296}","{'neg': 0.115, 'neu': 0.885, 'pos': 0.0, 'compound': -0.296}"
150,"The NZDUSD is lower again this morning and opens at 0.8200. The NZD opens at 0.8200 USD, 0.8285 AUD, 0.6335 EUR, 0.5385 GBP, &amp; 83.85 JPY.",0.0,0.5,"{'neg': 0.115, 'neu': 0.885, 'pos': 0.0, 'compound': -0.296}","{'neg': 0.115, 'neu': 0.885, 'pos': 0.0, 'compound': -0.296}"
151,AUD slips further against the EUR and USD through the night. USD at 0.9880 and the EUR at 0.7652,0.0,0.0,"{'neg': 0.0, 'neu': 1.0, 'pos': 0.0, 'compound': 0.0}","{'neg': 0.0, 'neu': 1.0, 'pos': 0.0, 'compound': 0.0}"
152,"have exited 1/2 $DX_F longs against the EUR, GBP, SEK and NOK. Looking to reestablish them on any USD weakness. Maintaining AUD, NZD and CAD",-0.2125,0.5125,"{'neg': 0.172, 'neu': 0.828, 'pos': 0.0, 'compound': -0.4404}","{'neg': 0.172, 'neu': 0.828, 'pos': 0.0, 'compound': -0.4404}"
153,#EUR pares some of its earlier losses vs. the USD after #Fitch upgrade #greece credit rating to B- and outlook to stable.,0.0,0.5,"{'neg': 0.193, 'neu': 0.588, 'pos': 0.218, 'compound': 0.0772}","{'neg': 0.193, 'neu': 0.588, 'pos': 0.218, 'compound': 0.0772}"
154,"@paidhq the UK account supports GBP, USD and now EUR (with IE now in closed beta too). NB In future we'll support multiple per acc. @stripe",0.0,0.0,"{'neg': 0.0, 'neu': 0.571, 'pos': 0.429, 'compound': 0.7579}","{'neg': 0.0, 'neu': 0.571, 'pos': 0.429, 'compound': 0.7579}"
155,getting out eur/usd and usd/sgd. still range. i do perfert to wait. still in a range. we still long usd/chf +211 pips.,-0.05,0.4,"{'neg': 0.0, 'neu': 1.0, 'pos': 0.0, 'compound': 0.0}","{'neg': 0.0, 'neu': 1.0, 'pos': 0.0, 'compound': 0.0}"
156,"Rumores: Credit Suisse enters into a technical tactical long EUR/USD from 1.2995, with a tight stop below 1.2935, and a target at 1.3100",-0.1142857142857143,0.34285714285714286,"{'neg': 0.131, 'neu': 0.714, 'pos': 0.155, 'compound': 0.1027}","{'neg': 0.131, 'neu': 0.714, 'pos': 0.155, 'compound': 0.1027}"
157,"Assets to Watch for today:
European Session:AUD/USD, DAX,EUR/USD
U.S Session:USD/JPY Dow S&amp;P500
Today's focus is on Germany and the Eurozone",0.0,0.0,"{'neg': 0.0, 'neu': 0.8, 'pos': 0.2, 'compound': 0.3612}","{'neg': 0.0, 'neu': 0.8, 'pos': 0.2, 'compound': 0.3612}"
158,Pound falling sharply against EUR &amp; USD. Currently 1.1743 and 1.5244.,0.0,0.4,"{'neg': 0.0, 'neu': 1.0, 'pos': 0.0, 'compound': 0.0}","{'neg': 0.0, 'neu': 1.0, 'pos': 0.0, 'compound': 0.0}"
159,i am in small 2/6 short eur/usd and 2/4 long usd/sgd.,-0.09999999999999999,0.3666666666666667,"{'neg': 0.0, 'neu': 1.0, 'pos': 0.0, 'compound': 0.0}","{'neg': 0.0, 'neu': 1.0, 'pos': 0.0, 'compound': 0.0}"
160,i may go this after noom with small positions long usd/sgd and  short eur/usd. keep adding on pull backs.,-0.075,0.275,"{'neg': 0.0, 'neu': 1.0, 'pos': 0.0, 'compound': 0.0}","{'neg': 0.0, 'neu': 1.0, 'pos': 0.0, 'compound': 0.0}"
161,EUR/USD made quite a u-turn and is now 40 pips above the post-ZEW lows,0.0,0.3,"{'neg': 0.259, 'neu': 0.741, 'pos': 0.0, 'compound': -0.2732}","{'neg': 0.259, 'neu': 0.741, 'pos': 0.0, 'compound': -0.2732}"
162,"stalking usd/sdg, usd/chf and eur/usd next 24 hours.",0.0,0.0,"{'neg': 0.0, 'neu': 1.0, 'pos': 0.0, 'compound': 0.0}","{'neg': 0.0, 'neu': 1.0, 'pos': 0.0, 'compound': 0.0}"
163,Macro sellers #EUR/USD; sovereign demand on dips.Euro's tug-of-war between spec and real money goes on,0.2,0.30000000000000004,"{'neg': 0.143, 'neu': 0.857, 'pos': 0.0, 'compound': -0.128}","{'neg': 0.143, 'neu': 0.857, 'pos': 0.0, 'compound': -0.128}"
164,Long EUR/USD @ 1.30 STOP @ 1.29750 AND Target 1.31,-0.05,0.4,"{'neg': 0.268, 'neu': 0.732, 'pos': 0.0, 'compound': -0.296}","{'neg': 0.268, 'neu': 0.732, 'pos': 0.0, 'compound': -0.296}"
165,"Lo and behold, just as risk needs a little boost, EUR/USD busts through 1.3000. 13050 possible? Wouldn't bet against it.",0.0,0.0,"{'neg': 0.142, 'neu': 0.676, 'pos': 0.182, 'compound': 0.1531}","{'neg': 0.142, 'neu': 0.676, 'pos': 0.182, 'compound': 0.1531}"
166,"EUR/USD getting sweatpant boner. USD will get hit and gold will probably lift, giving the miners a respite, god willing.",0.0,0.0,"{'neg': 0.0, 'neu': 0.87, 'pos': 0.13, 'compound': 0.2732}","{'neg': 0.0, 'neu': 0.87, 'pos': 0.13, 'compound': 0.2732}"
167,Strange action in eur/usd and usd/jpy,0.1,0.1,"{'neg': 0.0, 'neu': 1.0, 'pos': 0.0, 'compound': 0.0}","{'neg': 0.0, 'neu': 1.0, 'pos': 0.0, 'compound': 0.0}"
168,Lloyds on EUR/USD: we remain bearish and forecast 1.25 at end 2013 and 1.20 at end 2014,0.0,0.0,"{'neg': 0.0, 'neu': 1.0, 'pos': 0.0, 'compound': 0.0}","{'neg': 0.0, 'neu': 1.0, 'pos': 0.0, 'compound': 0.0}"
169,"Pound has fallen by 0.5% against the USD and EUR today EUR 1.1787, USD 1.5286, AUD 1.5369, CAD 1.5444, CHF 1.4658 HKD 11.863, NZD 1.8549",0.0,0.0,"{'neg': 0.122, 'neu': 0.878, 'pos': 0.0, 'compound': -0.3612}","{'neg': 0.122, 'neu': 0.878, 'pos': 0.0, 'compound': -0.3612}"
170,"... I am not aware that the Fed intervenes by buying EUR and selling USD directly in fx mkts, but someone is propping up the EUR... $EURUSD",0.1,0.4,"{'neg': 0.0, 'neu': 1.0, 'pos': 0.0, 'compound': 0.0}","{'neg': 0.0, 'neu': 1.0, 'pos': 0.0, 'compound': 0.0}"
171,Odd PA here in Eur/usd and usdx  . I would give a little long euro bias here - not much though,-0.005555555555555554,0.2833333333333334,"{'neg': 0.291, 'neu': 0.709, 'pos': 0.0, 'compound': -0.4019}","{'neg': 0.291, 'neu': 0.709, 'pos': 0.0, 'compound': -0.4019}"
172,"EUR/USD remains under pressure and trades under the 1.30 handle. Support comes in at 1.2933, followed by 1.2877. On the topside 1.3050.",0.0,0.0,"{'neg': 0.0, 'neu': 0.816, 'pos': 0.184, 'compound': 0.4019}","{'neg': 0.0, 'neu': 0.816, 'pos': 0.184, 'compound': 0.4019}"
173,"As we know, USD restarted Risk Accumulation upward, and  EUR still stays in diffusion.",0.0,0.0,"{'neg': 0.189, 'neu': 0.811, 'pos': 0.0, 'compound': -0.2732}","{'neg': 0.189, 'neu': 0.811, 'pos': 0.0, 'compound': -0.2732}"
174,Barclays: Medium-term downtrends in both EUR/USD and GBP/USD likely to be re-established,0.0,0.0,"{'neg': 0.0, 'neu': 0.706, 'pos': 0.294, 'compound': 0.3612}","{'neg': 0.0, 'neu': 0.706, 'pos': 0.294, 'compound': 0.3612}"
175,Relative differences in size between ECB and Fed balance sheets have equally become irrelevant for EUR/USD,0.0,0.25,"{'neg': 0.0, 'neu': 1.0, 'pos': 0.0, 'compound': 0.0}","{'neg': 0.0, 'neu': 1.0, 'pos': 0.0, 'compound': 0.0}"
176,"... if price moves away (staying around now) and returns. Eco EUR Eurogroup Meeting, USD 8:30 Core/Retail Sales, 10 am Business Inventories.",0.0,0.0,"{'neg': 0.0, 'neu': 1.0, 'pos': 0.0, 'compound': 0.0}","{'neg': 0.0, 'neu': 1.0, 'pos': 0.0, 'compound': 0.0}"
177,"Now we've kicked off in Sydney: EUR/USD hits 1.2941 low and now at 1.2960, USD/JPY breaks 102 with 102.50 high #hilsenratheffect",0.08,0.41999999999999993,"{'neg': 0.149, 'neu': 0.851, 'pos': 0.0, 'compound': -0.2732}","{'neg': 0.149, 'neu': 0.851, 'pos': 0.0, 'compound': -0.2732}"
178,@endac time to Cork Airport and Eur v USD for me,0.0,0.0,"{'neg': 0.0, 'neu': 1.0, 'pos': 0.0, 'compound': 0.0}","{'neg': 0.0, 'neu': 1.0, 'pos': 0.0, 'compound': 0.0}"
179,"Goldman: ""the search for yield may have more traction in the EUR market due to its smaller size and shorter duration vs. the USD market""",-0.0625,0.4375,"{'neg': 0.0, 'neu': 1.0, 'pos': 0.0, 'compound': 0.0}","{'neg': 0.0, 'neu': 1.0, 'pos': 0.0, 'compound': 0.0}"
180,EUR /USD.  As they say sell in May and go away,0.0,0.0,"{'neg': 0.0, 'neu': 1.0, 'pos': 0.0, 'compound': 0.0}","{'neg': 0.0, 'neu': 1.0, 'pos': 0.0, 'compound': 0.0}"
181,And the battle begins at 129.50! EUR/USD,0.0,0.0,"{'neg': 0.0, 'neu': 1.0, 'pos': 0.0, 'compound': 0.0}","{'neg': 0.0, 'neu': 1.0, 'pos': 0.0, 'compound': 0.0}"
182,"I have closed 1/4 USD core longs against EUR, CHF, AUD, NZD, CAD, NOK and SEK.",-0.05,0.4,"{'neg': 0.0, 'neu': 1.0, 'pos': 0.0, 'compound': 0.0}","{'neg': 0.0, 'neu': 1.0, 'pos': 0.0, 'compound': 0.0}"
183,"Significant movements in AUD/USD USD/CAD EUR/CAD AND JP-MORGAN 

Kennedy@onetwotrade.com",0.0,0.0,"{'neg': 0.0, 'neu': 1.0, 'pos': 0.0, 'compound': 0.0}","{'neg': 0.0, 'neu': 1.0, 'pos': 0.0, 'compound': 0.0}"
184,Usd/Jpy at 101.50 and Eur/Usd at 1.2980: USD very bid across the majors and this is weighing heavily on commodiites: gold and silver down 2%,0.0625,0.5,"{'neg': 0.0, 'neu': 1.0, 'pos': 0.0, 'compound': 0.0}","{'neg': 0.0, 'neu': 1.0, 'pos': 0.0, 'compound': 0.0}"
185,And the EUR/USD is testing the 1.2950/70 area!,0.0,0.0,"{'neg': 0.0, 'neu': 1.0, 'pos': 0.0, 'compound': 0.0}","{'neg': 0.0, 'neu': 1.0, 'pos': 0.0, 'compound': 0.0}"
186,Guess it's flat largely due to currency movements...EUR/USD down (0.36%).  Should I go long the EUR/USD and cover my FX exposure?,-0.06666666666666667,0.3,"{'neg': 0.0, 'neu': 1.0, 'pos': 0.0, 'compound': 0.0}","{'neg': 0.0, 'neu': 1.0, 'pos': 0.0, 'compound': 0.0}"
187,"EUR/USD gave a fight against the dollar’s storm across the board, but eventually surrendered and loses the 1.30 line.1.2960 provides support",0.0,0.0,"{'neg': 0.279, 'neu': 0.579, 'pos': 0.142, 'compound': -0.3818}","{'neg': 0.279, 'neu': 0.579, 'pos': 0.142, 'compound': -0.3818}"
188,"Slightly worse than expected Trade Balance figures have taken steam out of Sterling this morning, down to 1.1820 vs EUR and 1.5385 vs USD",-0.16666666666666666,0.16666666666666666,"{'neg': 0.0, 'neu': 1.0, 'pos': 0.0, 'compound': 0.0}","{'neg': 0.0, 'neu': 1.0, 'pos': 0.0, 'compound': 0.0}"
189,"Huge risk-on move in #CHF vs the EUR and the USD. 
CHF still massively overvalued",0.4000000000000001,0.9,"{'neg': 0.0, 'neu': 0.777, 'pos': 0.223, 'compound': 0.3182}","{'neg': 0.0, 'neu': 0.777, 'pos': 0.223, 'compound': 0.3182}"
190,"#FX: high octane stuff in the markets today: yen, Kiwi and Aussie are weak, while USD, GBP and EUR are still rising ^KB",-0.1075,0.5825,"{'neg': 0.182, 'neu': 0.818, 'pos': 0.0, 'compound': -0.4404}","{'neg': 0.182, 'neu': 0.818, 'pos': 0.0, 'compound': -0.4404}"
191,EUR/USD is down 0.10% at 1.3028 with the next support at 1.3010 (low May 9) ahead of 1.2992 (MA200d) and finally 1.2988 (low Apr.25).,0.0,0.4,"{'neg': 0.222, 'neu': 0.635, 'pos': 0.143, 'compound': -0.128}","{'neg': 0.222, 'neu': 0.635, 'pos': 0.143, 'compound': -0.128}"
192,"EUR's Risk Accumulation was capped yesterday, and it's USD's turn today?",0.0,0.0,"{'neg': 0.231, 'neu': 0.769, 'pos': 0.0, 'compound': -0.2732}","{'neg': 0.231, 'neu': 0.769, 'pos': 0.0, 'compound': -0.2732}"
193,"USD gain vs major peers, vs CNY, EUR, GBP, JPY, SGD and of course IDR",0.0625,0.5,"{'neg': 0.0, 'neu': 0.746, 'pos': 0.254, 'compound': 0.5267}","{'neg': 0.0, 'neu': 0.746, 'pos': 0.254, 'compound': 0.5267}"
194,"@PipCzar looks like USD is the mover here killing other safe haevens JPY,CHF. Dont often get USDJPY skyrocket, and AUD,EUR plunge.",0.5,0.5,"{'neg': 0.213, 'neu': 0.543, 'pos': 0.244, 'compound': -0.0772}","{'neg': 0.213, 'neu': 0.543, 'pos': 0.244, 'compound': -0.0772}"
195,Eur / usd that was a nice rollover at 13195. I was relieved to have got in up there with tight stop. Big picture is pullback and lower again,0.14047619047619045,0.4619047619047619,"{'neg': 0.256, 'neu': 0.581, 'pos': 0.163, 'compound': -0.1531}","{'neg': 0.256, 'neu': 0.581, 'pos': 0.163, 'compound': -0.1531}"
196,@JamieSaettele USD is up because EUR and JPY were sold in huge quantities Selling of GBP will be a sign of something very huge in the making,0.4000000000000001,0.9,"{'neg': 0.0, 'neu': 0.685, 'pos': 0.315, 'compound': 0.5574}","{'neg': 0.0, 'neu': 0.685, 'pos': 0.315, 'compound': 0.5574}"
197,"@GaryKaltbaum ben watching it,  short AUD/USD and long EUR/AUD, except for the Yen FX market been slow, maybe this gets things moving",-0.11666666666666668,0.36666666666666664,"{'neg': 0.0, 'neu': 1.0, 'pos': 0.0, 'compound': 0.0}","{'neg': 0.0, 'neu': 1.0, 'pos': 0.0, 'compound': 0.0}"
198,@soolebop ok looks like somethigs happened with the eur since eur/usd is hitting a 7 day low and the overall markets are pulling back too,0.0,0.15,"{'neg': 0.127, 'neu': 0.723, 'pos': 0.151, 'compound': 0.1027}","{'neg': 0.127, 'neu': 0.723, 'pos': 0.151, 'compound': 0.1027}"
199,***UPDATES: The Bearish Reversal Wave setups for GBP$ and EUR$ posted earlier today are now confirmable.  Broad return to USD strength.,0.03125,0.40625,"{'neg': 0.0, 'neu': 0.814, 'pos': 0.186, 'compound': 0.4939}","{'neg': 0.0, 'neu': 0.814, 'pos': 0.186, 'compound': 0.4939}"
200,Eur usd getting smashed...... Top and bottom range in a day...... Fantastic!,0.5,0.5,"{'neg': 0.0, 'neu': 0.816, 'pos': 0.184, 'compound': 0.2023}","{'neg': 0.0, 'neu': 0.816, 'pos': 0.184, 'compound': 0.2023}"
201,"EUR/USD and GBP/USD STOP LOSS, big ones...GOLD STOP LOSS...everything fucking STOP LOSS",-0.2,0.35,"{'neg': 0.746, 'neu': 0.254, 'pos': 0.0, 'compound': -0.9136}","{'neg': 0.746, 'neu': 0.254, 'pos': 0.0, 'compound': -0.9136}"
202,@Ancient_Warrior I began journey with engine (eur/usd) then gold and silver cos of all the conspiracy stuff I was finding.,0.0,0.0,"{'neg': 0.0, 'neu': 1.0, 'pos': 0.0, 'compound': 0.0}","{'neg': 0.0, 'neu': 1.0, 'pos': 0.0, 'compound': 0.0}"
203,"EUR/USD is down 0.37% at 1.3104, up from a session low of 1.3084 and off from a high of 1.3177",0.08,0.41999999999999993,"{'neg': 0.231, 'neu': 0.769, 'pos': 0.0, 'compound': -0.2732}","{'neg': 0.231, 'neu': 0.769, 'pos': 0.0, 'compound': -0.2732}"
204,This AM I am long EUR/USD and Short USD/JPY. Happy Trading!,-0.025,0.35,"{'neg': 0.0, 'neu': 1.0, 'pos': 0.0, 'compound': 0.0}","{'neg': 0.0, 'neu': 1.0, 'pos': 0.0, 'compound': 0.0}"
205,Hello my friends how are you doing i have just closed my long position sin usd/jpy and eur/jpyi made good profitsi think i will call it aday,0.32499999999999996,0.5,"{'neg': 0.174, 'neu': 0.531, 'pos': 0.295, 'compound': 0.3612}","{'neg': 0.174, 'neu': 0.531, 'pos': 0.295, 'compound': 0.3612}"
206,"One year ago I started my job with just 200 EUR, but now I got more than 2 million USD in activities and own one of the largest companies...",0.0,0.0,"{'neg': 0.0, 'neu': 1.0, 'pos': 0.0, 'compound': 0.0}","{'neg': 0.0, 'neu': 1.0, 'pos': 0.0, 'compound': 0.0}"
207,WE ARE OUT FROM LAST 2 TRADES ON TUESDAY (I will BUY EUR/USD Entry Price @ 1.3110 TP 1.3210 SL 1.3010///......) WITH SUCCESS 80 PIPS AND 70,0.15,0.03333333333333333,"{'neg': 0.0, 'neu': 0.748, 'pos': 0.252, 'compound': 0.5719}","{'neg': 0.0, 'neu': 0.748, 'pos': 0.252, 'compound': 0.5719}"
208,@TheFXToday Don't understand why you have to wait for EUR/USD has to rise 55 pips and then sell,0.0,0.0,"{'neg': 0.0, 'neu': 1.0, 'pos': 0.0, 'compound': 0.0}","{'neg': 0.0, 'neu': 1.0, 'pos': 0.0, 'compound': 0.0}"
209,"#EUR/USD checked by talk of more ECB easing, despite better German data.U.S. weekly jobless claims and wholesale inventories due #FXX",0.125,0.2916666666666667,"{'neg': 0.0, 'neu': 0.828, 'pos': 0.172, 'compound': 0.4404}","{'neg': 0.0, 'neu': 0.828, 'pos': 0.172, 'compound': 0.4404}"
210,"@goldtradeslive AUD/USD on fire too, eur/usd and gbp/usd looking nice.",0.6,1.0,"{'neg': 0.261, 'neu': 0.435, 'pos': 0.304, 'compound': 0.1027}","{'neg': 0.261, 'neu': 0.435, 'pos': 0.304, 'compound': 0.1027}"
211,"#FX: AUD, NZD and SEK are leading G10 markets higher, while USD, EUR, CAD and GBP are lower, the yen is mixed. ^KB",0.25,0.5,"{'neg': 0.145, 'neu': 0.855, 'pos': 0.0, 'compound': -0.296}","{'neg': 0.145, 'neu': 0.855, 'pos': 0.0, 'compound': -0.296}"
212,EUR/USD steady above 1.3150 and looks good for extn into 1.3250; watch 1.3050/1.3100-1.3250/1.3300,0.7,0.6000000000000001,"{'neg': 0.0, 'neu': 0.734, 'pos': 0.266, 'compound': 0.4404}","{'neg': 0.0, 'neu': 0.734, 'pos': 0.266, 'compound': 0.4404}"
213,@saraeisenfx Sara! Interested in why the USD and EUR act so differently in contrast to similar measures taken by their central banks?,0.0,0.325,"{'neg': 0.0, 'neu': 0.786, 'pos': 0.214, 'compound': 0.4588}","{'neg': 0.0, 'neu': 0.786, 'pos': 0.214, 'compound': 0.4588}"
214,"EUR &amp; USD still stay in Risk Diffusion.  USD move was capped yesterday, and EUR might restart accumulation ?",0.0,0.0,"{'neg': 0.13, 'neu': 0.87, 'pos': 0.0, 'compound': -0.2732}","{'neg': 0.13, 'neu': 0.87, 'pos': 0.0, 'compound': -0.2732}"
215,@Gennie_Bozeman dear PLS add me and send EUR USD daily signal fast,0.2,0.6,"{'neg': 0.0, 'neu': 0.672, 'pos': 0.328, 'compound': 0.4404}","{'neg': 0.0, 'neu': 0.672, 'pos': 0.328, 'compound': 0.4404}"
216,"$AUDUSD $NZDUSD giving surprises to the market, expect a 200 pip bull train on this data so far, as a turn around against $GBP $EUR and $USD",0.1,1.0,"{'neg': 0.0, 'neu': 1.0, 'pos': 0.0, 'compound': 0.0}","{'neg': 0.0, 'neu': 1.0, 'pos': 0.0, 'compound': 0.0}"
217,"looking at the $DXY and $EUR futures ... some one will have to get give... i say $DXY.. 
$EUR saved by $USD weekens.. LONG LIVE EUROPA",0.043181818181818175,0.45,"{'neg': 0.0, 'neu': 0.824, 'pos': 0.176, 'compound': 0.4939}","{'neg': 0.0, 'neu': 0.824, 'pos': 0.176, 'compound': 0.4939}"
218,"looking at the $DXY and $EUR futures ... some one will have to get give... i say $DXY.. 
$EUR saved by $USD weekens.. LONG LIVE EUROPA",0.043181818181818175,0.45,"{'neg': 0.0, 'neu': 0.824, 'pos': 0.176, 'compound': 0.4939}","{'neg': 0.0, 'neu': 0.824, 'pos': 0.176, 'compound': 0.4939}"
219,"If you haven't heard: we now support payments in Canadian Dollars (CAD), Pounds Sterling (GBP), Euros (EUR) and U.S. Dollars (USD) in Europe",0.0,0.0,"{'neg': 0.139, 'neu': 0.861, 'pos': 0.0, 'compound': -0.3089}","{'neg': 0.139, 'neu': 0.861, 'pos': 0.0, 'compound': -0.3089}"
220,"@rrlatypov so far so good &gt; trading FGBL, EUR/USD and FDAX up and down the road anc building long-term-shorts as well #cheers #summertime :)",0.39999999999999997,0.8,"{'neg': 0.0, 'neu': 0.643, 'pos': 0.357, 'compound': 0.6124}","{'neg': 0.0, 'neu': 0.643, 'pos': 0.357, 'compound': 0.6124}"
221,"""I tend to prefer CAD/PLN and other exotic variants of short EUR/USD""—@kitjuckes",0.0,0.3,"{'neg': 0.0, 'neu': 1.0, 'pos': 0.0, 'compound': 0.0}","{'neg': 0.0, 'neu': 1.0, 'pos': 0.0, 'compound': 0.0}"
222,Better EU data causing GBP/EUR to fall and GBP/USD to rise by around 0.3% today. Tomorrow we have BoE MPC and QE annonucements.,0.5,0.5,"{'neg': 0.0, 'neu': 0.805, 'pos': 0.195, 'compound': 0.4404}","{'neg': 0.0, 'neu': 0.805, 'pos': 0.195, 'compound': 0.4404}"
223,"#ECB #MERSCH SAYS THERE'S NO ALTERNATIVE TO DEBT REDUCTION, Quite the opposite of #US view.This is why #EUR/USD and #EUR/JPY should rally.",0.0,0.0,"{'neg': 0.2, 'neu': 0.8, 'pos': 0.0, 'compound': -0.3612}","{'neg': 0.2, 'neu': 0.8, 'pos': 0.0, 'compound': -0.3612}"
224,"EUR/USD rose above its previous high of 1.3145 and the 1.3155/60 area (100-day SMA/high May 3), stretching to 1.3174 in recent dealings.",0.14833333333333334,0.4766666666666667,"{'neg': 0.0, 'neu': 1.0, 'pos': 0.0, 'compound': 0.0}","{'neg': 0.0, 'neu': 1.0, 'pos': 0.0, 'compound': 0.0}"
225,"Draghi had better say something, and quickly. EUR/USD",0.41666666666666663,0.5,"{'neg': 0.0, 'neu': 0.633, 'pos': 0.367, 'compound': 0.4404}","{'neg': 0.0, 'neu': 0.633, 'pos': 0.367, 'compound': 0.4404}"
226,Stocks up but EUR/USD and USD/JPY locked in range - Societe Generale,0.05000000000000002,0.5,"{'neg': 0.0, 'neu': 1.0, 'pos': 0.0, 'compound': 0.0}","{'neg': 0.0, 'neu': 1.0, 'pos': 0.0, 'compound': 0.0}"
227,"Russian commercial and European corp buyers seen EUR/USD, intraday squeeze likely on better techs, change of ranger bias unlikely",0.16666666666666666,0.16666666666666666,"{'neg': 0.071, 'neu': 0.657, 'pos': 0.273, 'compound': 0.6124}","{'neg': 0.071, 'neu': 0.657, 'pos': 0.273, 'compound': 0.6124}"
228,"EUR/USD: PRESSURE ON 100-DMA 1.3156 AND STOPS ABOVE MAY EVOLVE, CHANGES NOTHING IN OVERALL RANGE-BOUND SCHEME (1.28-1.32)",0.0,0.0,"{'neg': 0.155, 'neu': 0.845, 'pos': 0.0, 'compound': -0.296}","{'neg': 0.155, 'neu': 0.845, 'pos': 0.0, 'compound': -0.296}"
229,taking partial profits on EUR/USD here @ 13124 for 40 pips profit; stop loss above 13100 on remainder and aiming for higher,0.075,0.4,"{'neg': 0.233, 'neu': 0.466, 'pos': 0.301, 'compound': 0.3182}","{'neg': 0.233, 'neu': 0.466, 'pos': 0.301, 'compound': 0.3182}"
230,"@dax_daytrader Sucks big time,no idea what it will do next,so sitting tight and waiting for smthing clear.cable and eur/usd not much better",0.10714285714285714,0.29523809523809524,"{'neg': 0.163, 'neu': 0.674, 'pos': 0.163, 'compound': 0.0}","{'neg': 0.163, 'neu': 0.674, 'pos': 0.163, 'compound': 0.0}"
231,"SG: EUR/USD took support at the neckline of the H and S and the major descending channel, where it has formed a weekly bullish engulfing.",0.0,0.0,"{'neg': 0.0, 'neu': 0.787, 'pos': 0.213, 'compound': 0.4019}","{'neg': 0.0, 'neu': 0.787, 'pos': 0.213, 'compound': 0.4019}"
232,EUR/USD SUPPORTED BY THE 55 DMA ON FRIDAY AND HIGHER LOWS HAVE BEEN MADE SINCE,0.125,0.4,"{'neg': 0.194, 'neu': 0.556, 'pos': 0.25, 'compound': 0.1531}","{'neg': 0.194, 'neu': 0.556, 'pos': 0.25, 'compound': 0.1531}"
233,EUR/USD MORE PRESSURE ON 100-DMA 1.3156 AND STOPS ABOVE MAY EVOLVE,0.0,0.0,"{'neg': 0.268, 'neu': 0.732, 'pos': 0.0, 'compound': -0.296}","{'neg': 0.268, 'neu': 0.732, 'pos': 0.0, 'compound': -0.296}"
234,@JamesGRickards @chrishartZA #AUD What's the short term (12mth)forecast on AUD to USD? And ZAR to USD? Is holding EUR wise with EU issues?,0.35,0.6,"{'neg': 0.0, 'neu': 0.78, 'pos': 0.22, 'compound': 0.4767}","{'neg': 0.0, 'neu': 0.78, 'pos': 0.22, 'compound': 0.4767}"
235,"#FX: NZD is the weakest performer in the G10, while AUD, CAD, GBP are also weak, JPY and USD are mixed, EUR and Scandis are higher ^KB",-0.0625,0.5625,"{'neg': 0.323, 'neu': 0.677, 'pos': 0.0, 'compound': -0.7351}","{'neg': 0.323, 'neu': 0.677, 'pos': 0.0, 'compound': -0.7351}"
236,Going long EUR/USD and EUR/JPY,-0.05,0.4,"{'neg': 0.0, 'neu': 1.0, 'pos': 0.0, 'compound': 0.0}","{'neg': 0.0, 'neu': 1.0, 'pos': 0.0, 'compound': 0.0}"
237,A stop-loss on GBP/USD that was triggered $1.5520 sparked a wave of GBP selling that dragged the EUR down with it and pushed the JPY higher,0.075,0.28541666666666665,"{'neg': 0.128, 'neu': 0.743, 'pos': 0.128, 'compound': 0.0}","{'neg': 0.128, 'neu': 0.743, 'pos': 0.128, 'compound': 0.0}"
238,taking order out long eur/usd at 13100. we miss the train already and i dont see it very clear. so . i like to wait for a better oppportunit,0.18333333333333335,0.42777777777777776,"{'neg': 0.298, 'neu': 0.556, 'pos': 0.147, 'compound': -0.2486}","{'neg': 0.298, 'neu': 0.556, 'pos': 0.147, 'compound': -0.2486}"
239,"EUR/USD  the RSI has broken above a declining trend line, the pair has rebounded and is breaking above its resistance.",-0.4,0.4,"{'neg': 0.256, 'neu': 0.744, 'pos': 0.0, 'compound': -0.4767}","{'neg': 0.256, 'neu': 0.744, 'pos': 0.0, 'compound': -0.4767}"
240,GBP looks 'bouncy' (technical speak of course) vs EUR and USD; 1.1838 &amp; 1.5534 respectively. Key mover = GBP/AUD @ 1.5269 &amp; GBP/JPY @ 154.08,0.0,1.0,"{'neg': 0.0, 'neu': 0.853, 'pos': 0.147, 'compound': 0.4767}","{'neg': 0.0, 'neu': 0.853, 'pos': 0.147, 'compound': 0.4767}"
241,EUR/USD BREAKING HIGHER.  AND USD/CHF BREAKING HIGHER. NO NORMAL.,0.21666666666666667,0.5499999999999999,"{'neg': 0.0, 'neu': 1.0, 'pos': 0.0, 'compound': 0.0}","{'neg': 0.0, 'neu': 1.0, 'pos': 0.0, 'compound': 0.0}"
242,Forx Flash: What to do with the EUR/USD? – UBS and Commerzbank,0.0,0.0,"{'neg': 0.0, 'neu': 1.0, 'pos': 0.0, 'compound': 0.0}","{'neg': 0.0, 'neu': 1.0, 'pos': 0.0, 'compound': 0.0}"
243,"RT @FOREXcom: #FX: the Aussie is still reeling from the RBA rate cut, JPY is higher along with EUR and USD, while GBP is mixed ^KB #FX",0.25,0.5,"{'neg': 0.149, 'neu': 0.851, 'pos': 0.0, 'compound': -0.2732}","{'neg': 0.149, 'neu': 0.851, 'pos': 0.0, 'compound': -0.2732}"
244,"#FX: the Aussie is still reeling from the RBA rate cut, JPY is higher along with EUR and USD, while GBP is mixed ^KB #FX",0.25,0.5,"{'neg': 0.149, 'neu': 0.851, 'pos': 0.0, 'compound': -0.2732}","{'neg': 0.149, 'neu': 0.851, 'pos': 0.0, 'compound': -0.2732}"
245,"50 USD === 61 EUR ? Yeah, #adobe, you need someone to help you with math and currencies.  

p.s. I don't usually hate, but I hate you for it",-0.6166666666666667,0.6833333333333332,"{'neg': 0.0, 'neu': 0.423, 'pos': 0.577, 'compound': 0.8719}","{'neg': 0.0, 'neu': 0.423, 'pos': 0.577, 'compound': 0.8719}"
246,"out of Eur/Usd Longs from 1,3104 and 1,3054 @1,3089/+35/-15 #eurusd #FXDIRK",-0.05,0.4,"{'neg': 0.0, 'neu': 1.0, 'pos': 0.0, 'compound': 0.0}","{'neg': 0.0, 'neu': 1.0, 'pos': 0.0, 'compound': 0.0}"
247,"aud/usd short successful.
and eur/aud",0.0,0.3,"{'neg': 0.0, 'neu': 1.0, 'pos': 0.0, 'compound': 0.0}","{'neg': 0.0, 'neu': 1.0, 'pos': 0.0, 'compound': 0.0}"
248,"EUR &amp; USD still stay in Risk Diffusion area, and EUR/USD 
looks lose way...",0.0,0.0,"{'neg': 0.324, 'neu': 0.676, 'pos': 0.0, 'compound': -0.5859}","{'neg': 0.324, 'neu': 0.676, 'pos': 0.0, 'compound': -0.5859}"
249,"EUR/USD – Slips Back Under 1.31: EUR/USD for Tuesday, May 7, 2013
The Euro has continued its back and forth ride around the 1.31 leve...",0.0,0.0,"{'neg': 0.0, 'neu': 1.0, 'pos': 0.0, 'compound': 0.0}","{'neg': 0.0, 'neu': 1.0, 'pos': 0.0, 'compound': 0.0}"
250,usd starts to fall until real zero value. this public scam paper has no quarantees. all bluff. commercial and public criminals. same as eur.,0.06666666666666667,0.14444444444444446,"{'neg': 0.209, 'neu': 0.791, 'pos': 0.0, 'compound': -0.5719}","{'neg': 0.209, 'neu': 0.791, 'pos': 0.0, 'compound': -0.5719}"
251,"I like how the AUD/USD and EUR/USD are pooh today, yet the $SPY #SPX #DOW #NAZZY all gravy...  #oddmarkets",0.0,0.0,"{'neg': 0.0, 'neu': 0.737, 'pos': 0.263, 'compound': 0.3612}","{'neg': 0.0, 'neu': 0.737, 'pos': 0.263, 'compound': 0.3612}"
252,Still long usd/chf and short gbp/usd. Eur/usd will go short after break and a pull back.,-0.0125,0.25,"{'neg': 0.0, 'neu': 1.0, 'pos': 0.0, 'compound': 0.0}","{'neg': 0.0, 'neu': 1.0, 'pos': 0.0, 'compound': 0.0}"
253,"Eppur si muove (And yet it moves) - Despite Draghi, ECB cut, Upbeat NFP, Stocks rallying, EUR/USD remains in range between 1.3000 and 1.3200",0.0,0.0,"{'neg': 0.116, 'neu': 0.884, 'pos': 0.0, 'compound': -0.2732}","{'neg': 0.116, 'neu': 0.884, 'pos': 0.0, 'compound': -0.2732}"
254,EUR/USD down on Draghi's concerns as he said ECB is ready to act again in economic slowdown; EUR/USD supports at 1.3035 and 1.2950 (the key),0.0,1.0,"{'neg': 0.0, 'neu': 0.828, 'pos': 0.172, 'compound': 0.4019}","{'neg': 0.0, 'neu': 0.828, 'pos': 0.172, 'compound': 0.4019}"
255,EUR/USD C wave price projection still in play for now.. but projections change and i will make them once i get a clear wave B,0.10000000000000002,0.3833333333333333,"{'neg': 0.0, 'neu': 0.667, 'pos': 0.333, 'compound': 0.6124}","{'neg': 0.0, 'neu': 0.667, 'pos': 0.333, 'compound': 0.6124}"
256,Eur/Usd is getting very stubborn and fails to move upwards.. we might get a retest of the 1.3044 and1.3034 area and rebounce from there..,-0.5,0.29999999999999993,"{'neg': 0.36, 'neu': 0.64, 'pos': 0.0, 'compound': -0.7351}","{'neg': 0.36, 'neu': 0.64, 'pos': 0.0, 'compound': -0.7351}"
257,ROME-DRAGHI SAYS ECB WATCHING DATA AND IS READY TO ACT AGAIN! Eur/Usd 1.3070,0.0,0.0,"{'neg': 0.0, 'neu': 1.0, 'pos': 0.0, 'compound': 0.0}","{'neg': 0.0, 'neu': 1.0, 'pos': 0.0, 'compound': 0.0}"
258,"oh brother, Draghi is talking now and alarmist behavior from amateurs panicking just sunk the eur/usd.",-0.25,0.25,"{'neg': 0.0, 'neu': 1.0, 'pos': 0.0, 'compound': 0.0}","{'neg': 0.0, 'neu': 1.0, 'pos': 0.0, 'compound': 0.0}"
259,correlative pairs like usd/chf and eur/usd. making divergencia. eur makes a high but usd/chf doesnt.,0.16,0.5399999999999999,"{'neg': 0.0, 'neu': 0.815, 'pos': 0.185, 'compound': 0.3612}","{'neg': 0.0, 'neu': 0.815, 'pos': 0.185, 'compound': 0.3612}"
260,"EUR/USD hovers around the 1.31 levels, with 1.3171 being resistance on the topside, and support not coming in until 1.3040 level.",0.0,0.0,"{'neg': 0.0, 'neu': 0.803, 'pos': 0.197, 'compound': 0.4019}","{'neg': 0.0, 'neu': 0.803, 'pos': 0.197, 'compound': 0.4019}"
261,"longed Eur/Usd at 1,3104 and pending for 1,3054 #eurusd #FXDIRK",-0.05,0.4,"{'neg': 0.0, 'neu': 1.0, 'pos': 0.0, 'compound': 0.0}","{'neg': 0.0, 'neu': 1.0, 'pos': 0.0, 'compound': 0.0}"
262,"To get a Creative Cloud account, Adobe charges 29 USD for US residents and 36 EUR for people overseas . That is one hell of a shipping rate.",0.0,0.0,"{'neg': 0.247, 'neu': 0.753, 'pos': 0.0, 'compound': -0.6808}","{'neg': 0.247, 'neu': 0.753, 'pos': 0.0, 'compound': -0.6808}"
263,EUR/USD - Negative rates and positive US news aren't a weaker EUR/USD,0.0,0.0,"{'neg': 0.0, 'neu': 0.744, 'pos': 0.256, 'compound': 0.3412}","{'neg': 0.0, 'neu': 0.744, 'pos': 0.256, 'compound': 0.3412}"
264,"In The Money: LONG USD/CAD, EUR/AUD and SHORT AUD/USD, NZD/USD. Out Of The Money: LONG AUD/NZD and SHORT S&amp;P (selling more 1625).",-0.025,0.35000000000000003,"{'neg': 0.0, 'neu': 1.0, 'pos': 0.0, 'compound': 0.0}","{'neg': 0.0, 'neu': 1.0, 'pos': 0.0, 'compound': 0.0}"
265,@viplav76 USD &amp; EUR used also for narcotics and arms. Taxes avoided with them too. #bitcoin is legit.,0.0,0.0,"{'neg': 0.196, 'neu': 0.804, 'pos': 0.0, 'compound': -0.296}","{'neg': 0.196, 'neu': 0.804, 'pos': 0.0, 'compound': -0.296}"
266,EUR/USD edged higher to 1.3242 last week but lost much momentum since then and turned sideway,0.15,0.25555555555555554,"{'neg': 0.173, 'neu': 0.827, 'pos': 0.0, 'compound': -0.3182}","{'neg': 0.173, 'neu': 0.827, 'pos': 0.0, 'compound': -0.3182}"
267,@TrendAdvisory bro how u see eur/jpy and gbp/usd in near future?,0.1,0.4,"{'neg': 0.0, 'neu': 1.0, 'pos': 0.0, 'compound': 0.0}","{'neg': 0.0, 'neu': 1.0, 'pos': 0.0, 'compound': 0.0}"
268,UBS pushes back Fed tightening view from Oct to early ‘14. Means “our bullish end yr USD fcasts of 1.20 vs EUR and Y110 may take longer”,-0.15625,0.34375,"{'neg': 0.0, 'neu': 1.0, 'pos': 0.0, 'compound': 0.0}","{'neg': 0.0, 'neu': 1.0, 'pos': 0.0, 'compound': 0.0}"
269,Im off now..Holding shorts in Eur usd and aud usd and long usd cad into weekend.. take care all and see you Sunday open,-0.016666666666666666,0.39999999999999997,"{'neg': 0.0, 'neu': 0.814, 'pos': 0.186, 'compound': 0.4939}","{'neg': 0.0, 'neu': 0.814, 'pos': 0.186, 'compound': 0.4939}"
270,"EUR/USD strongly down and strongly up after NFP. But finally, the pair remains in its range...",0.28888888888888886,0.8222222222222223,"{'neg': 0.0, 'neu': 0.476, 'pos': 0.524, 'compound': 0.765}","{'neg': 0.0, 'neu': 0.476, 'pos': 0.524, 'compound': 0.765}"
271,EUR/USD pulls back and jumps to 1.3150,0.0,0.0,"{'neg': 0.0, 'neu': 1.0, 'pos': 0.0, 'compound': 0.0}","{'neg': 0.0, 'neu': 1.0, 'pos': 0.0, 'compound': 0.0}"
272,"@KeithMcCullough AUD, CHF, NZD, EUR, GBP, Gold, Copper, Oil and Corn all up gainst the USD. How do you read that?",0.0,0.0,"{'neg': 0.0, 'neu': 1.0, 'pos': 0.0, 'compound': 0.0}","{'neg': 0.0, 'neu': 1.0, 'pos': 0.0, 'compound': 0.0}"
273,"Happy Friday everyone! We are selling USD @ 1.0306, EUR @ 1.3744, and GBP @ 1.6188! Give us a call on this sunny day on 519 763 7330!",0.0,0.0,"{'neg': 0.0, 'neu': 1.0, 'pos': 0.0, 'compound': 0.0}","{'neg': 0.0, 'neu': 1.0, 'pos': 0.0, 'compound': 0.0}"
274,Swing failures in GBP/USD and EUR/USD last hour...got to love this pattern...,0.25,0.3333333333333333,"{'neg': 0.0, 'neu': 0.625, 'pos': 0.375, 'compound': 0.6369}","{'neg': 0.0, 'neu': 0.625, 'pos': 0.375, 'compound': 0.6369}"
275,"Push/pull effect on eur/usd, fight between yesterday's negative rate comment vs USD unemployment revisions and inline NFP.",0.0,0.0,"{'neg': 0.178, 'neu': 0.822, 'pos': 0.0, 'compound': -0.3818}","{'neg': 0.178, 'neu': 0.822, 'pos': 0.0, 'compound': -0.3818}"
276,"usd strength in 5s-the usd drop against chf, eur and gbp (not as clean in intraday) is corrective-usd support price extremes from this am",0.3666666666666667,0.7000000000000001,"{'neg': 0.101, 'neu': 0.483, 'pos': 0.415, 'compound': 0.7579}","{'neg': 0.101, 'neu': 0.483, 'pos': 0.415, 'compound': 0.7579}"
277,At the moment 1.3035/40 is one to watch in EUR//USD and 1.5480 in cable,0.0,0.0,"{'neg': 0.0, 'neu': 1.0, 'pos': 0.0, 'compound': 0.0}","{'neg': 0.0, 'neu': 1.0, 'pos': 0.0, 'compound': 0.0}"
278,Only and hour or two to get funds in for same day payments. GBP/EUR 1.1859 on mid. GBP/USD 1.5555. GBP/ZAR 13.93 (only 'risk on' exotic),0.0,0.0,"{'neg': 0.13, 'neu': 0.87, 'pos': 0.0, 'compound': -0.2732}","{'neg': 0.13, 'neu': 0.87, 'pos': 0.0, 'compound': -0.2732}"
279,Only and hour or two to get funds in for same day payments. GBP/EUR 1.1859 on mid. GBP/USD 1.5555. GBP/ZAR 13.93 (only 'risk on' exotic),0.0,0.0,"{'neg': 0.13, 'neu': 0.87, 'pos': 0.0, 'compound': -0.2732}","{'neg': 0.13, 'neu': 0.87, 'pos': 0.0, 'compound': -0.2732}"
280,"Market talk of offers by macro names in EUR/USD
at 1.3135-45 and then 100DMA line at 1.3160 -
Unconfirmed &gt; FR names on the bid earlier...",0.0,0.5,"{'neg': 0.0, 'neu': 1.0, 'pos': 0.0, 'compound': 0.0}","{'neg': 0.0, 'neu': 1.0, 'pos': 0.0, 'compound': 0.0}"
281,"RT @FXDIRK: out of Eur/Usd Long from 1,3055 and 1,3105 @1,3122/ +67/ +17 #eur #eurusd #FXDIRK &gt;&gt; GM and a nice trade!",0.27499999999999997,0.7,"{'neg': 0.0, 'neu': 0.714, 'pos': 0.286, 'compound': 0.4215}","{'neg': 0.0, 'neu': 0.714, 'pos': 0.286, 'compound': 0.4215}"
282,"out of Eur/Usd Long from 1,3055 and 1,3105 @1,3122/ +67/ +17 #eur #eurusd #FXDIRK",-0.05,0.4,"{'neg': 0.0, 'neu': 1.0, 'pos': 0.0, 'compound': 0.0}","{'neg': 0.0, 'neu': 1.0, 'pos': 0.0, 'compound': 0.0}"
283,EUR/USD needs a break below 1.3061 and 1.3030 to confirm reversal lower - Commerzbank,0.0,0.0,"{'neg': 0.216, 'neu': 0.784, 'pos': 0.0, 'compound': -0.296}","{'neg': 0.216, 'neu': 0.784, 'pos': 0.0, 'compound': -0.296}"
284,EUR/USD needs a break below 1.3061 and 1.3030 to confirm reversal lower - Commerzbank,0.0,0.0,"{'neg': 0.216, 'neu': 0.784, 'pos': 0.0, 'compound': -0.296}","{'neg': 0.216, 'neu': 0.784, 'pos': 0.0, 'compound': -0.296}"
285,EUR/USD has mode volatile swings; 1.2750 to 1.3200 to 1.2950 to 1.3250 to 1.3050 (and now at 1.3100); 1.3200-1.3250 looks solid res now,0.0,0.1,"{'neg': 0.0, 'neu': 0.882, 'pos': 0.118, 'compound': 0.1531}","{'neg': 0.0, 'neu': 0.882, 'pos': 0.118, 'compound': 0.1531}"
286,"#FX: after yesterday's #EUR bloodbath its recovering today, JPY, CAD, AUD, NOK are weaker, while NZD is hgiher and USD is mixed ^KB",0.0,0.0,"{'neg': 0.195, 'neu': 0.805, 'pos': 0.0, 'compound': -0.4404}","{'neg': 0.195, 'neu': 0.805, 'pos': 0.0, 'compound': -0.4404}"
287,EUR/USD holding steady around 1.3070 after ECB cuts rates and held out the possibility of further policy action,0.1,0.1,"{'neg': 0.16, 'neu': 0.84, 'pos': 0.0, 'compound': -0.2732}","{'neg': 0.16, 'neu': 0.84, 'pos': 0.0, 'compound': -0.2732}"
288,"~~&gt; EUR/USD - EU PPI, March 2013 expected for release at 09:00AM (GMT) 03/05/2013, PPI Expected M/M -0.2% and Y/Y 0.7%",0.0,0.0,"{'neg': 0.0, 'neu': 1.0, 'pos': 0.0, 'compound': 0.0}","{'neg': 0.0, 'neu': 1.0, 'pos': 0.0, 'compound': 0.0}"
289,"@thetwopct James, @Braintree supports GBP, EUR, USD and approx 130 more currencies. Feel free to ping me kellogg@braintreepayments.com",0.4,0.8,"{'neg': 0.0, 'neu': 0.625, 'pos': 0.375, 'compound': 0.7184}","{'neg': 0.0, 'neu': 0.625, 'pos': 0.375, 'compound': 0.7184}"
290,@thetwopct @stripe at the moment we support GBP and USD payments for UK users. We're working on EUR support.,0.0,0.0,"{'neg': 0.0, 'neu': 0.565, 'pos': 0.435, 'compound': 0.6597}","{'neg': 0.0, 'neu': 0.565, 'pos': 0.435, 'compound': 0.6597}"
291,Just has a quick check and all of the 7 trades Bedtime Trader suggested last night are currently in profit! (including mine EUR/USD :),0.1111111111111111,0.32222222222222224,"{'neg': 0.0, 'neu': 0.805, 'pos': 0.195, 'compound': 0.4404}","{'neg': 0.0, 'neu': 0.805, 'pos': 0.195, 'compound': 0.4404}"
292,"127.90 and 128 for eur/jpy have been holding so far today and could bounce, but fall in eur/usd isn't helping - eur/jpy short BE @ 128.35",0.05,0.65,"{'neg': 0.139, 'neu': 0.861, 'pos': 0.0, 'compound': -0.3089}","{'neg': 0.139, 'neu': 0.861, 'pos': 0.0, 'compound': -0.3089}"
293,#USD might/will pick up against #EUR and #AUD in some time ... Q is when will #GBP give-up?,0.0,0.0,"{'neg': 0.0, 'neu': 1.0, 'pos': 0.0, 'compound': 0.0}","{'neg': 0.0, 'neu': 1.0, 'pos': 0.0, 'compound': 0.0}"
294,And we're not off the lows. EUR/USD. (apologies to Bob),0.0,0.3,"{'neg': 0.412, 'neu': 0.588, 'pos': 0.0, 'compound': -0.2732}","{'neg': 0.412, 'neu': 0.588, 'pos': 0.0, 'compound': -0.2732}"
295,"@sabki2: However, whatever and whenever, someday, eur/usd will be back to 0.88xxx and usd/jpy 77.40xxx.. If I've braveness I will be rich",0.39166666666666666,0.5833333333333334,"{'neg': 0.0, 'neu': 0.588, 'pos': 0.412, 'compound': 0.7906}","{'neg': 0.0, 'neu': 0.588, 'pos': 0.412, 'compound': 0.7906}"
296,@sabki2: However.. I have a plan.. Eur/usd for 0.8xxxx (2016).. And.. Usd/jpy below 77.xx (2014).. Just it,0.0,0.0,"{'neg': 0.0, 'neu': 1.0, 'pos': 0.0, 'compound': 0.0}","{'neg': 0.0, 'neu': 1.0, 'pos': 0.0, 'compound': 0.0}"
297,taking some nice profits looking to short eur/usd and usd/jpy more - really giving a nice fall through this q/a - follow through if it cont.,0.39999999999999997,0.7666666666666666,"{'neg': 0.0, 'neu': 0.541, 'pos': 0.459, 'compound': 0.8176}","{'neg': 0.0, 'neu': 0.541, 'pos': 0.459, 'compound': 0.8176}"
298,Rally mode is over for Eur/Usd. Hit low of 1.3100 and still going.,0.0,0.3,"{'neg': 0.259, 'neu': 0.741, 'pos': 0.0, 'compound': -0.2732}","{'neg': 0.259, 'neu': 0.741, 'pos': 0.0, 'compound': -0.2732}"
299,"now : JPY is weakning..look at USD/JPY,EUR/JPY and GBP/JPY...trades are going to be nice from next Tuesday..for the moment just observe...",0.3,0.5,"{'neg': 0.0, 'neu': 0.741, 'pos': 0.259, 'compound': 0.4215}","{'neg': 0.0, 'neu': 0.741, 'pos': 0.259, 'compound': 0.4215}"
300,EUR / USD price ranges between 1.3145 and 1.3185.,0.0,0.0,"{'neg': 0.0, 'neu': 1.0, 'pos': 0.0, 'compound': 0.0}","{'neg': 0.0, 'neu': 1.0, 'pos': 0.0, 'compound': 0.0}"
301,#ECB cut rates and EUR/USD surges am I missing sth??#bubbles #newworld #mariodraghi,0.0,0.0,"{'neg': 0.481, 'neu': 0.519, 'pos': 0.0, 'compound': -0.4019}","{'neg': 0.481, 'neu': 0.519, 'pos': 0.0, 'compound': -0.4019}"
302,"""Buy the rumor and sell the news” strategy may have ensued following the meet of expectations. EUR/USD",0.0,0.0,"{'neg': 0.0, 'neu': 1.0, 'pos': 0.0, 'compound': 0.0}","{'neg': 0.0, 'neu': 1.0, 'pos': 0.0, 'compound': 0.0}"
303,looking at eur/aud and eur/usd...,0.0,0.0,"{'neg': 0.0, 'neu': 1.0, 'pos': 0.0, 'compound': 0.0}","{'neg': 0.0, 'neu': 1.0, 'pos': 0.0, 'compound': 0.0}"
304,Good Morning! ECB cuts rates and the EUR/USD rises to 1.3200,0.7,0.6000000000000001,"{'neg': 0.191, 'neu': 0.545, 'pos': 0.264, 'compound': 0.2023}","{'neg': 0.191, 'neu': 0.545, 'pos': 0.264, 'compound': 0.2023}"
305,Mild upturn in EUR/USD and equity markets after ECB rate cut highlights it was almost fully factored in.,0.3333333333333333,0.5,"{'neg': 0.145, 'neu': 0.69, 'pos': 0.166, 'compound': 0.0772}","{'neg': 0.145, 'neu': 0.69, 'pos': 0.166, 'compound': 0.0772}"
306,ECB cuts rates and EUR/USD on a tear!,0.0,0.0,"{'neg': 0.344, 'neu': 0.656, 'pos': 0.0, 'compound': -0.2732}","{'neg': 0.344, 'neu': 0.656, 'pos': 0.0, 'compound': -0.2732}"
307,Straddle orders placed on EUR/USD and EUR/JPY....15 mins to go!!,0.0,0.0,"{'neg': 0.0, 'neu': 1.0, 'pos': 0.0, 'compound': 0.0}","{'neg': 0.0, 'neu': 1.0, 'pos': 0.0, 'compound': 0.0}"
308,"anged. This is a great trading opportunity because EUR/USD will jump if they leave rates unchanged and if they lower them EUR will fall, but",0.8,0.75,"{'neg': 0.135, 'neu': 0.613, 'pos': 0.252, 'compound': 0.4404}","{'neg': 0.135, 'neu': 0.613, 'pos': 0.252, 'compound': 0.4404}"
309,today huge opportunity with the ECB interest rates at 12.45 GMT+1 . use smart options and earn up to 70% if you follow the EUR/USD tendance,0.30714285714285716,0.7714285714285715,"{'neg': 0.0, 'neu': 0.6, 'pos': 0.4, 'compound': 0.7906}","{'neg': 0.0, 'neu': 0.6, 'pos': 0.4, 'compound': 0.7906}"
310,Risk reward favours being long EUR/USD around ECB rate decision and press conference,-0.05,0.4,"{'neg': 0.126, 'neu': 0.479, 'pos': 0.395, 'compound': 0.6705}","{'neg': 0.126, 'neu': 0.479, 'pos': 0.395, 'compound': 0.6705}"
311,eur/usd price action areas 13130 and 13200.,0.1,0.1,"{'neg': 0.0, 'neu': 1.0, 'pos': 0.0, 'compound': 0.0}","{'neg': 0.0, 'neu': 1.0, 'pos': 0.0, 'compound': 0.0}"
312,"Commerzbank EUR/USD Order Book Model has more buyers than sellers at current market levels, and it stays that way until 1.32",0.0,0.4,"{'neg': 0.0, 'neu': 1.0, 'pos': 0.0, 'compound': 0.0}","{'neg': 0.0, 'neu': 1.0, 'pos': 0.0, 'compound': 0.0}"
313,@goldtradeslive eur/cad and usd/chf (0.92750) both filled :-),0.0,0.0,"{'neg': 0.0, 'neu': 1.0, 'pos': 0.0, 'compound': 0.0}","{'neg': 0.0, 'neu': 1.0, 'pos': 0.0, 'compound': 0.0}"
314,"FX: on ECB day the yen, GBP, CAD and USD are higher this morning, while EUR, AUD and SEK are lower ^KB #FX",0.25,0.5,"{'neg': 0.167, 'neu': 0.833, 'pos': 0.0, 'compound': -0.296}","{'neg': 0.167, 'neu': 0.833, 'pos': 0.0, 'compound': -0.296}"
315,"USD is diffusing Risk faster than EUR since last week. Now, EUR might restart Risk Accumulation, and EUR/USD looks follow it...",0.0,0.06666666666666667,"{'neg': 0.231, 'neu': 0.769, 'pos': 0.0, 'compound': -0.4939}","{'neg': 0.231, 'neu': 0.769, 'pos': 0.0, 'compound': -0.4939}"
316,Too volatile for our EUR/USD and USD/CAD strategies tonight. Better safe than sorry. Perhaps an early night?,0.5,0.5,"{'neg': 0.0, 'neu': 0.608, 'pos': 0.392, 'compound': 0.7003}","{'neg': 0.0, 'neu': 0.608, 'pos': 0.392, 'compound': 0.7003}"
317,"@JohnKicklighter Did I miss something or is the Eur/USD, USD/JPY, and EUR/JPY going to end up completely unchanged based on the Feds readout",-0.8,1.0,"{'neg': 0.138, 'neu': 0.862, 'pos': 0.0, 'compound': -0.1531}","{'neg': 0.138, 'neu': 0.862, 'pos': 0.0, 'compound': -0.1531}"
318,RBS sees EUR/USD to revisite 1.28 area on a 3 mth view and they continue to expect further range trading near-term.,0.0,0.0,"{'neg': 0.0, 'neu': 1.0, 'pos': 0.0, 'compound': 0.0}","{'neg': 0.0, 'neu': 1.0, 'pos': 0.0, 'compound': 0.0}"
319,eur/usd paid 1.3198 and nex price was 1.3186 given this is spuff 1.3183 now.,0.0,0.0,"{'neg': 0.0, 'neu': 1.0, 'pos': 0.0, 'compound': 0.0}","{'neg': 0.0, 'neu': 1.0, 'pos': 0.0, 'compound': 0.0}"
320,"Why is silver and gold slumping, when USD is heavily sold against EUR &amp; YEN?",0.0,0.0,"{'neg': 0.0, 'neu': 1.0, 'pos': 0.0, 'compound': 0.0}","{'neg': 0.0, 'neu': 1.0, 'pos': 0.0, 'compound': 0.0}"
321,ECB widely expected to cut rates tomorrow and EUR/USD rises 35 bps in anticipation. Benny celebrating.,-0.1,0.4,"{'neg': 0.16, 'neu': 0.84, 'pos': 0.0, 'compound': -0.2732}","{'neg': 0.16, 'neu': 0.84, 'pos': 0.0, 'compound': -0.2732}"
322,"@hmeisler Eur/Usd 1,3225 now. About 50% fibonacci retacement. Still a Dollar Bull and a stock bear.",0.0,0.0,"{'neg': 0.0, 'neu': 1.0, 'pos': 0.0, 'compound': 0.0}","{'neg': 0.0, 'neu': 1.0, 'pos': 0.0, 'compound': 0.0}"
323,So rate cut expected in euro and eur/usd is trading 1.3227.,0.0,0.0,"{'neg': 0.259, 'neu': 0.741, 'pos': 0.0, 'compound': -0.2732}","{'neg': 0.259, 'neu': 0.741, 'pos': 0.0, 'compound': -0.2732}"
324,So the Euro's strong and the US Dollar is weak. Two reasons to go short now on EUR/USD spot FX. I predict a 50-100 pt drop in next 48 hours.,0.014583333333333323,0.41458333333333336,"{'neg': 0.259, 'neu': 0.57, 'pos': 0.171, 'compound': -0.1779}","{'neg': 0.259, 'neu': 0.57, 'pos': 0.171, 'compound': -0.1779}"
325,#USD/JPY resistance is 98.00 and then 98.50. For #EUR/JPY 128.90 and then 130.00 are the next major barriers.,0.03125,0.25,"{'neg': 0.166, 'neu': 0.834, 'pos': 0.0, 'compound': -0.2006}","{'neg': 0.166, 'neu': 0.834, 'pos': 0.0, 'compound': -0.2006}"
326,"USD/JPY
Options: 98.50, 99.00/50 and 100.00
Offers: 97.50-60/80 and 98.00
Bids: 96.80 and 97.00

EUR/USD
Options: 1.2950 and 1.3100
O...",0.0,0.0,"{'neg': 0.0, 'neu': 1.0, 'pos': 0.0, 'compound': 0.0}","{'neg': 0.0, 'neu': 1.0, 'pos': 0.0, 'compound': 0.0}"
327,"if the ECB doesn't cut, risk appetite and, perversely, the EUR/USD could come in for some heavy selling",0.0,0.0,"{'neg': 0.0, 'neu': 0.713, 'pos': 0.287, 'compound': 0.3875}","{'neg': 0.0, 'neu': 0.713, 'pos': 0.287, 'compound': 0.3875}"
328,It seems that EUR/USD is drawing the second shoulder at 1.3150 with the head at 1.3600 and the first feet at 1.2000 !,0.125,0.16666666666666666,"{'neg': 0.0, 'neu': 1.0, 'pos': 0.0, 'compound': 0.0}","{'neg': 0.0, 'neu': 1.0, 'pos': 0.0, 'compound': 0.0}"
329,"Using the mortgage calculator at the bottom of our home page, you can calculate payments in five currencies! USD, CAD, EUR, GBP and AUD.",0.0,0.0,"{'neg': 0.0, 'neu': 1.0, 'pos': 0.0, 'compound': 0.0}","{'neg': 0.0, 'neu': 1.0, 'pos': 0.0, 'compound': 0.0}"
330,"Due to popular demand - Now accepting AUD in addition to HKD, USD and EUR!",0.2375,0.6375,"{'neg': 0.116, 'neu': 0.465, 'pos': 0.419, 'compound': 0.5994}","{'neg': 0.116, 'neu': 0.465, 'pos': 0.419, 'compound': 0.5994}"
331,#EUR/USD: The bullish breakout of the 4hr Pennant formation we noted previously is still underway and should climb above resistance @ 1.3202,-0.16666666666666666,0.16666666666666666,"{'neg': 0.0, 'neu': 1.0, 'pos': 0.0, 'compound': 0.0}","{'neg': 0.0, 'neu': 1.0, 'pos': 0.0, 'compound': 0.0}"
332,"Danger of a general flush out of $USD bulls here as $EUR, $GBP, and $JPY all rallying together",0.05000000000000002,0.5,"{'neg': 0.274, 'neu': 0.726, 'pos': 0.0, 'compound': -0.5267}","{'neg': 0.274, 'neu': 0.726, 'pos': 0.0, 'compound': -0.5267}"
333,"ok my stop is 3182,i'm not out jet ,...but crab on usd index is now confirmed... and maybe invalid reversal for eur/usd...",0.0,0.0,"{'neg': 0.18, 'neu': 0.82, 'pos': 0.0, 'compound': -0.296}","{'neg': 0.18, 'neu': 0.82, 'pos': 0.0, 'compound': -0.296}"
334,"EUR/USD is up 0,5% and according to marketwatch this is because of weak CHI PMI, yeah and EU is in recession for months, what reason!",-0.375,0.625,"{'neg': 0.221, 'neu': 0.611, 'pos': 0.168, 'compound': -0.1779}","{'neg': 0.221, 'neu': 0.611, 'pos': 0.168, 'compound': -0.1779}"
335,"@robbooker 
Eur/usd surging up and above",0.0,0.0,"{'neg': 0.0, 'neu': 1.0, 'pos': 0.0, 'compound': 0.0}","{'neg': 0.0, 'neu': 1.0, 'pos': 0.0, 'compound': 0.0}"
336,"EUR/USD just hiked to its second-largest high in a month. Short position taken. Just need Germany, Spain and Italy to relax now...",0.08,0.41999999999999993,"{'neg': 0.0, 'neu': 0.805, 'pos': 0.195, 'compound': 0.4404}","{'neg': 0.0, 'neu': 0.805, 'pos': 0.195, 'compound': 0.4404}"
337,~~&gt; USD/ZAR and EUR/USD *What goes UP! must come tumbling DOWN!*,0.0,0.0,"{'neg': 0.0, 'neu': 1.0, 'pos': 0.0, 'compound': 0.0}","{'neg': 0.0, 'neu': 1.0, 'pos': 0.0, 'compound': 0.0}"
338,"Pending order! Short EUR/USD 1.3088, stop loss 1.3096, take profit 1.30759...lets see if we found the top and bottom...",0.25,0.4,"{'neg': 0.223, 'neu': 0.545, 'pos': 0.233, 'compound': 0.0516}","{'neg': 0.223, 'neu': 0.545, 'pos': 0.233, 'compound': 0.0516}"
339,@explorefx and eur/usd??please,0.0,0.0,"{'neg': 0.0, 'neu': 1.0, 'pos': 0.0, 'compound': 0.0}","{'neg': 0.0, 'neu': 1.0, 'pos': 0.0, 'compound': 0.0}"
340,"So by being long EUR/GBP and short USD/CAD I'm indirectly short GBP/CAD, may keep with this strategy for a while.",-0.016666666666666666,0.3333333333333333,"{'neg': 0.0, 'neu': 1.0, 'pos': 0.0, 'compound': 0.0}","{'neg': 0.0, 'neu': 1.0, 'pos': 0.0, 'compound': 0.0}"
341,"#FX: It's fairly quiet in the FX space today - thge yen is slightly higher along with USD, EUR slightly lower and GBP is fairly neutral ^KB",0.21944444444444444,0.49444444444444446,"{'neg': 0.099, 'neu': 0.676, 'pos': 0.225, 'compound': 0.3462}","{'neg': 0.099, 'neu': 0.676, 'pos': 0.225, 'compound': 0.3462}"
342,"USD/JPY
Options: 98.00 and 99.00

EUR/USD
Options: 1.2900 and 1.3100

AUD/USD
Options: 1.0350 and 1.0400

(RANsquawk/IFR)",0.0,0.0,"{'neg': 0.0, 'neu': 1.0, 'pos': 0.0, 'compound': 0.0}","{'neg': 0.0, 'neu': 1.0, 'pos': 0.0, 'compound': 0.0}"
343,"EUR/USD pops up through 1.3100 on overall USD sales, and is currently around the 1.3110 overnight high area.",0.08,0.47,"{'neg': 0.0, 'neu': 1.0, 'pos': 0.0, 'compound': 0.0}","{'neg': 0.0, 'neu': 1.0, 'pos': 0.0, 'compound': 0.0}"
344,"EUR stopped Risk Diffusion, but USD restarted it.  Price-wise, EUR/USD looks supported and might start Risk Accumulation upward ?",0.0,0.0,"{'neg': 0.318, 'neu': 0.547, 'pos': 0.134, 'compound': -0.4019}","{'neg': 0.318, 'neu': 0.547, 'pos': 0.134, 'compound': -0.4019}"
345,"The EUR/USD rose to the 1.3115 and now is consolidating levels around the 1.3100; The GBP/USD advanced to 1.5545, currently it's at 1.5495.",0.3,0.675,"{'neg': 0.0, 'neu': 1.0, 'pos': 0.0, 'compound': 0.0}","{'neg': 0.0, 'neu': 1.0, 'pos': 0.0, 'compound': 0.0}"
346,"@H_Poirot_ for the moment only USD and EUR, but will add other currencies shortly. What currencies would u like to have additionally?",0.0,0.3,"{'neg': 0.0, 'neu': 0.8, 'pos': 0.2, 'compound': 0.3612}","{'neg': 0.0, 'neu': 0.8, 'pos': 0.2, 'compound': 0.3612}"
347,"Today is a great day to come by and get some USD, we are selling @ 1.033!! The EUR is @ 1.3748 another great deal and the GBP is @ 1.617.",0.8,0.75,"{'neg': 0.0, 'neu': 0.613, 'pos': 0.387, 'compound': 0.8481}","{'neg': 0.0, 'neu': 0.613, 'pos': 0.387, 'compound': 0.8481}"
348,"Nice run for the EUR/USD bulls today. Halted at 1.31 and met resistance there, will this hold?",0.6,1.0,"{'neg': 0.0, 'neu': 0.763, 'pos': 0.237, 'compound': 0.4215}","{'neg': 0.0, 'neu': 0.763, 'pos': 0.237, 'compound': 0.4215}"
349,@elgitano5720 Eur/Jpy and Usd/Jpy long   Gbp/Nzd short   Scaled down to a few pairs !!!,-0.025,0.35,"{'neg': 0.0, 'neu': 1.0, 'pos': 0.0, 'compound': 0.0}","{'neg': 0.0, 'neu': 1.0, 'pos': 0.0, 'compound': 0.0}"
350,"@riq_90 20 USD (NA store) or 20 EUR (EU store), Shops and logistics are run by Spreadshirt, not myself.",0.0,0.0,"{'neg': 0.0, 'neu': 1.0, 'pos': 0.0, 'compound': 0.0}","{'neg': 0.0, 'neu': 1.0, 'pos': 0.0, 'compound': 0.0}"
351,"Still, we're left with mixed messages. Short-term outlook for USD is weaker, but waves in GBPUSD and USDCHF suggest EUR may fall.",0.0,0.0,"{'neg': 0.172, 'neu': 0.828, 'pos': 0.0, 'compound': -0.4404}","{'neg': 0.172, 'neu': 0.828, 'pos': 0.0, 'compound': -0.4404}"
352,EUR/USD – Higher as Italy Finally Forms Government: EUR/USD has edged higher in Monday’s European session and was testing the 1.31 le...,0.125,0.5,"{'neg': 0.0, 'neu': 1.0, 'pos': 0.0, 'compound': 0.0}","{'neg': 0.0, 'neu': 1.0, 'pos': 0.0, 'compound': 0.0}"
353,EUR/USD and USD/JPY ....same as it's been lately.  Layups.,-0.3,0.6,"{'neg': 0.0, 'neu': 1.0, 'pos': 0.0, 'compound': 0.0}","{'neg': 0.0, 'neu': 1.0, 'pos': 0.0, 'compound': 0.0}"
354,"EUR &amp; USD are about to diffuse Risk, and EUR/USD lost way at the mon.",0.0,0.0,"{'neg': 0.386, 'neu': 0.614, 'pos': 0.0, 'compound': -0.5267}","{'neg': 0.386, 'neu': 0.614, 'pos': 0.0, 'compound': -0.5267}"
355,@saraeisenfx Sara! Interested in why the USD and EUR act so differently in contrast to similar measures taken by their central banks?,0.0,0.325,"{'neg': 0.0, 'neu': 0.786, 'pos': 0.214, 'compound': 0.4588}","{'neg': 0.0, 'neu': 0.786, 'pos': 0.214, 'compound': 0.4588}"
356,DB: #ECB will cut rates twice: EUR/USD to fall to 1.20 by Dec #2013 and will be slightly over 1 in #2014,-0.16666666666666666,0.16666666666666666,"{'neg': 0.231, 'neu': 0.769, 'pos': 0.0, 'compound': -0.2732}","{'neg': 0.231, 'neu': 0.769, 'pos': 0.0, 'compound': -0.2732}"
357,"Life is meant to be fun and enjoyed..h

Happy monday and a productive week to all #traders around the globe..

EUR/USD",0.3,0.2,"{'neg': 0.0, 'neu': 0.708, 'pos': 0.292, 'compound': 0.5106}","{'neg': 0.0, 'neu': 0.708, 'pos': 0.292, 'compound': 0.5106}"
358,"EUR/USD – Settles in Between 1.30 and 1.31: EUR/USD for Monday, April 29, 2013
Last week was relatively quiet for the Euro as it cont...",0.0,0.3333333333333333,"{'neg': 0.0, 'neu': 1.0, 'pos': 0.0, 'compound': 0.0}","{'neg': 0.0, 'neu': 1.0, 'pos': 0.0, 'compound': 0.0}"
359,"EUR/USD Pivot point support and resistance level is at R1: 1.3055, R2 1.3080, R3 1.3137. S1 1.2998, S2 1.2966, S3 1.2909.",0.0,0.0,"{'neg': 0.0, 'neu': 0.803, 'pos': 0.197, 'compound': 0.4019}","{'neg': 0.0, 'neu': 0.803, 'pos': 0.197, 'compound': 0.4019}"
360,"eur/usd
1.2743 very strong support
1.3470 the gate for 1.4337 as we expect the next months will go to 1.4337 and at end of the year 1.4980",0.21666666666666665,0.36666666666666664,"{'neg': 0.0, 'neu': 0.769, 'pos': 0.231, 'compound': 0.5106}","{'neg': 0.0, 'neu': 0.769, 'pos': 0.231, 'compound': 0.5106}"
361,EUR/USD Next week potential target 1.32. Monthly candle close and new month candle open + European Central Bank rates decision on May 2,0.02727272727272727,0.2409090909090909,"{'neg': 0.0, 'neu': 1.0, 'pos': 0.0, 'compound': 0.0}","{'neg': 0.0, 'neu': 1.0, 'pos': 0.0, 'compound': 0.0}"
362,As suggested in todays (and yesterdays posts) the trade is SHORT USD as well LONG JPY vs commods as well CHF and EUR. So Strange - A First!,0.06666666666666667,0.3444444444444444,"{'neg': 0.0, 'neu': 0.769, 'pos': 0.231, 'compound': 0.4939}","{'neg': 0.0, 'neu': 0.769, 'pos': 0.231, 'compound': 0.4939}"
363,"Filled all $JPY limit orders. AUD/JPY 100.600, USD/JPY 97.900, EUR/JPY 147.400 and GBP/JPY 151.500",0.0,0.0,"{'neg': 0.0, 'neu': 1.0, 'pos': 0.0, 'compound': 0.0}","{'neg': 0.0, 'neu': 1.0, 'pos': 0.0, 'compound': 0.0}"
364,"@Jason_Dude Ok, so I got out of my EUR/JPY short for 100 and change pips. And kept my USD/JPY long and its longer term.",-0.025,0.35,"{'neg': 0.0, 'neu': 1.0, 'pos': 0.0, 'compound': 0.0}","{'neg': 0.0, 'neu': 1.0, 'pos': 0.0, 'compound': 0.0}"
365,"And for TR it reached 0.5551 USD and 0.4259 EUR and that one of the highest rates, reagrds, greeting recived #real",0.0,0.0,"{'neg': 0.0, 'neu': 0.726, 'pos': 0.274, 'compound': 0.34}","{'neg': 0.0, 'neu': 0.726, 'pos': 0.274, 'compound': 0.34}"
366,"EUR/USD Oh wait, we have some Sentiment and Expectations coming up later",0.0,0.0,"{'neg': 0.0, 'neu': 1.0, 'pos': 0.0, 'compound': 0.0}","{'neg': 0.0, 'neu': 1.0, 'pos': 0.0, 'compound': 0.0}"
367,#EUR #USD and #Bund futures in the black at the same time just gives me a vague feeling of unease. Just call me the Luddite of Ludgate.,-0.16666666666666666,0.43333333333333335,"{'neg': 0.0, 'neu': 1.0, 'pos': 0.0, 'compound': 0.0}","{'neg': 0.0, 'neu': 1.0, 'pos': 0.0, 'compound': 0.0}"
368,US GDP fig slightly lower than exp. 2.5% vs 3%. Us indices trading lower and USD weaker vs EUR/ GBP. USD. Dow 14674 -40 pts. GBPUSD 1.5480,-0.16666666666666666,0.16666666666666666,"{'neg': 0.334, 'neu': 0.666, 'pos': 0.0, 'compound': -0.719}","{'neg': 0.334, 'neu': 0.666, 'pos': 0.0, 'compound': -0.719}"
369,"The dollar index this morning is slightly lower by -0.06 points, EUR/USD is down -0.0004 (-0.03%), and USD/JPY is down -0.59 yen (-0.59%).",-0.16666666666666666,0.16666666666666666,"{'neg': 0.128, 'neu': 0.872, 'pos': 0.0, 'compound': -0.228}","{'neg': 0.128, 'neu': 0.872, 'pos': 0.0, 'compound': -0.228}"
370,"However I would prefer some major move in the USD higher instead (looking at USDX, EUR and AUD).",0.15625,0.5,"{'neg': 0.0, 'neu': 1.0, 'pos': 0.0, 'compound': 0.0}","{'neg': 0.0, 'neu': 1.0, 'pos': 0.0, 'compound': 0.0}"
371,"GBP is on fire, and continues challenging or call for a lower GBP/EUR (to 1.13) and GBP/USD (to 1.42). Roubini",0.0,0.0,"{'neg': 0.338, 'neu': 0.662, 'pos': 0.0, 'compound': -0.5574}","{'neg': 0.338, 'neu': 0.662, 'pos': 0.0, 'compound': -0.5574}"
372,"Today’s AM Fix: USD 1,462.25, EUR 1,123.43 and GBP 947.79/oz
Yesterday’s AM Fix: USD 1,446.50, EUR 1,107.07 and GBP 937.64/oz",0.0,0.0,"{'neg': 0.0, 'neu': 1.0, 'pos': 0.0, 'compound': 0.0}","{'neg': 0.0, 'neu': 1.0, 'pos': 0.0, 'compound': 0.0}"
373,"USD/JPY
Options: 99.00 and 100.00

GBP/USD
Options: 1.5300

EUR/USD
Options: 1.3000/50 and 1.3100

EUR/GBP
Options: 0.8500

(RANsquawk/IFR)",0.0,0.0,"{'neg': 0.0, 'neu': 1.0, 'pos': 0.0, 'compound': 0.0}","{'neg': 0.0, 'neu': 1.0, 'pos': 0.0, 'compound': 0.0}"
