author id,author username,is_verified_user,followers_count,following_count,tweet_count,listed_count,created_at,geo,id,lang,like_count,quote_count,reply_count,retweet_count,source,tweet
400528270,kimtech3,False,9,22,101,0,2013-08-25 21:42:05+00:00, ,371749343814230016,en,1,0,0,0,Twitter for Nokia S40,Short eur/cad and usd /cad
1689450271,tony_kezman,False,48,0,564,2,2013-08-25 14:49:05+00:00, ,371645410084786176,en,0,0,1,0,Twitter for iPhone,@hummmgamli any ideas for EUR/USD on 26th? I think it will move towards 1.3330/50 and then only it might swing further downside or upside.
435609120,LuigiBissatini,False,42,0,2251,2,2013-08-25 12:04:57+00:00, ,371604105711476736,en,0,0,0,0,Twitter Web Client,"Break above 1,3416$ EUR/USD and keeping above above 1,3297$ (61,8% of previous upmove from 1,32$) OPENS THE WAY TOWARDS 1,3709$"
1692555752,BCCurrency,False,6,20,6,0,2013-08-24 16:47:25+00:00, ,371312801697898496,en,0,0,0,0,Twitter Web Client,current rates! (buy) USD. 1.068 GBP. 1.6645 EUR. 1.44 and many more on hand currencies at 3 locations! #abbotsford #surrey #whiterock
400528270,kimtech3,False,9,22,101,0,2013-08-24 05:26:07+00:00, ,371141350051549184,en,0,0,1,0,Twitter for Nokia S40,Short eur/cad and usd/cad
1454598728,TheDDReport,False,22,19,1969,0,2013-08-23 18:34:00+00:00, ,370977236519645184,en,0,0,0,0,Twitter for Mac,"Bias for Next Week: Expect a lot of $USD Strength, along with $CAD Strength. $EUR likely to soften and $AUD likely to soften like RBA Said"
1184394830,_helena_mc_,False,16,24,2764,0,2013-08-23 18:07:11+00:00, ,370970488664637440,en,0,0,0,0,Mobile Web (M2),"At 10:00 AM EST, Consumer Confidence for $EUR will be released and New Home Sales for $USD. These are the only market events left today."
1360520353,BedtimeT,False,52,15,478,1,2013-08-23 14:26:37+00:00, ,370914981987901440,en,0,0,0,0,Twitter Web Client,Update @ 15:20: As its a Friday I closed my trades early the USD/DKK banked 61PIPs and the EUR/HKD banked 131 PIPs.
17766107,FXDD,False,30842,108,10186,414,2013-08-23 13:15:08+00:00, ,370896994144751616,en,0,0,0,2,Twitter Web Client,"At 10:00 AM EST, Consumer Confidence for $EUR will be released and New Home Sales for $USD.  These are the only market events left today."
311312187,doktermarket,False,56745,538,23645,436,2013-08-23 10:53:13+00:00, ,370861277221908480,en,0,0,0,4,Twitter for BlackBerry®,"Rupiah drop 6.02% vs USD to 11058, drop 4.41% vs JPY to 111.51, and drop 6.12% to 14763/EUR. Still says USD strengthen, not Rupiah weaken?"
1193469822,ITAGORA_trading,False,142,229,306,1,2013-08-23 07:53:27+00:00, ,370816036431732736,en,0,0,0,0,Twitter for Android,FOMC disappointed the market and USD posted minor gains vs EUR and GBP. Biggest gains were vs NZD and CAD as forecasted. Eur may turn strong
271399768,BMFNNews,False,1476,1524,99495,39,2013-08-23 07:46:08+00:00, ,370814198160171008,en,0,0,0,0,twitterfeed,"EUR/USD
Options: 1.3200, 1.3400

USD/JPY
Options: 98.00 and 100.00

EUR/JPY
Options: 131.00 and 132.00

AUD/USD
Options: 0.9000

GBP/..."
1688537096,BinaryOptionBuz,False,413,1376,175,3,2013-08-23 07:13:07+00:00, ,370805885485846528,en,0,0,0,0,Twitter Web Client,"We expect up direction for EUR/USD and GBP/USD today. Markets are waiting for news release from Germany and UK, no big changes expected."
41980757,sgendzel,False,269,481,1216,19,2013-08-22 23:04:45+00:00, ,370682985609056256,en,0,0,1,1,Twitter Web Client,12 hours later and my money's in the bank. Moved EUR to USD with @TransferWise and am really loving P2P finance!
440203286,ProsperityFXPro,False,459,0,5289,13,2013-08-22 18:06:39+00:00, ,370607965297856512,en,0,0,0,0,Twitter Web Client,I BELIEVE EUR/USD WILL CLOSE ON 15 MIN BETWEE 1.3370 AND 1.3375 AND THIS WILL ALLOW THE CURRENCY TO DROP DOWNWARDS
383209087,Jim8080,False,511,23,9800,18,2013-08-22 16:39:10+00:00, ,370585950214037504,en,0,0,0,0,TweetDeck,added to EUR/USD Short @ 13371. TP 13220 and lower. 20 stop.
477074187,Anjali_Mirpuri,False,126,11,3559,2,2013-08-22 16:10:29+00:00, ,370578730827018240,en,0,0,0,0,Twitter Web Client,"Contemplating on just Selling gbp/usd,selling eur/usd,buying nzd/usd,buying usd/jpy and just letting it be till Sept End!! #RELAXEDEARNINGS"
701085428,LarryShover1,False,735,611,10632,21,2013-08-22 15:15:17+00:00, ,370564839766114305,en,0,0,0,0,Twitter Web Client,"The USD continues firmer - gaining ground against most majors.  CME FX futures:
Cable - 126, EUR -38, and CHF -45 vs. $"
420222544,waltervannelli,False,27950,703,51777,402,2013-08-22 15:01:40+00:00, ,370561413577572352,en,0,0,0,0,Twitter Web Client,eur/usd works in range 1.3325/65 flat and boring here.
90164881,Kevo_jr,False,801,745,66670,0,2013-08-22 14:11:39+00:00, ,370548826735935488,et,0,0,0,0,Twitter for Windows Phone,"""@genghiscapital: KES closes at GBP/KES 136.58, USD/KES 87.55 and EUR/KES 116.82 #Currencies"""
60013723,genghiscapital,False,33571,196,20085,99,2013-08-22 14:09:26+00:00, ,370548270600159232,et,1,0,1,0,Twitter Web Client,"KES closes at GBP/KES 136.58, USD/KES 87.55 and EUR/KES 116.82 #Currencies"
583216513,edinsmor,False,457,1258,3705,22,2013-08-22 13:23:16+00:00, ,370536649744482304,en,0,0,0,0,Twitter for iPhone,#Taper &amp; improvement in US data surprises should  boost #USD. Data surprises in #UK and #euro area near positive extremes. #EUR #GBP #FX
348404205,robmacksmith,False,1427,1142,8805,48,2013-08-22 13:02:36+00:00, ,370531449457221632,en,0,0,0,1,Twitter Web Client,"Eurex to launch EUR/RUB and USD/RUB futures, as well as it's other six currency pairs announced yesterday, with help from Moscow Exchange"
75763473,FOREXTRADECALLS,False,107,73,1569,0,2013-08-22 12:52:21+00:00, ,370528871495385089,en,0,0,0,0,Twitter Web Client,SELL EUR/USD - AT 1.3339 STOP 1.3346 TARGETS 1.3328 AND 1.3312.
136889848,spz_trader,False,21307,85,71283,549,2013-08-22 10:12:41+00:00, ,370488687743627264,en,0,0,0,0,TweetDeck,"RT @PipCzar: Closed all USD long that I bought on ""Blue Light Special"" Yesterday...EUR, NOK, GBP, SEK, CAD and CHF. // Ma Birthday dude !!"
33973843,PipCzar,False,60156,767,84785,1839,2013-08-22 10:11:32+00:00, ,370488400932913153,en,2,0,2,1,TweetDeck,"Closed all USD long that I bought on ""Blue Light Special"" Yesterday...EUR, NOK, GBP, SEK, CAD and CHF."
25639759,posb,False,7325,40,13536,26,2013-08-22 10:06:37+00:00, ,370487162074308608,en,0,0,0,0,Hootsuite,"@itzmeaswin of funds, payment will be effected to your account as follows:on the same business day if ITT currency is USD, GBP and EUR(cont)"
75763473,FOREXTRADECALLS,False,107,73,1569,0,2013-08-22 08:16:19+00:00, ,370459406271393792,en,0,0,0,0,Twitter Web Client,SELL EUR/USD - AT 1.3356 STOP 1.3363 TARGETS 1.3342 AND 1.3320.
21806379,hasan1,False,826,319,23653,55,2013-08-22 07:05:54+00:00, ,370441681948004353,en,0,0,0,0,Tweetlogix,Negative EUR data and positive USD data will push it down to the mid to low 32xx level
124419867,IamShyamD,False,268,532,4092,16,2013-08-22 06:22:08+00:00, ,370430667920011264,en,0,0,0,0,twicca,Pretty much in position now. Long aud. short eur and gbp vs jpy and usd. Tops &amp; bottoms being set. Usdcad could see 1.0580 b4 lower imo.
227085606,X2Eliah,False,142,518,37415,0,2013-08-22 05:01:54+00:00, ,370410478213672961,en,0,0,1,0,Twitter Web Client,@McNutcase Steam is doing the usd=eur thing for nearly everything (and has done so for years).
33973843,PipCzar,False,60156,767,84785,1839,2013-08-22 02:46:41+00:00, ,370376449384910849,en,1,0,0,0,TweetDeck,"and if you don't think I am not shorting the EUR/GBP here at the 61.8 AFTER a 100+ pip drop in the GBP/USD, your crazy..."
212786514,jara_cu,False,18,17,1006,4,2013-08-21 18:11:08+00:00, ,370246705133785088,en,0,0,0,0,Twitter Web Client,"Just be cool,Usd/jpy target 100 and EUR/USD target 1.30"
1375810338,_Man0lex,False,187,1884,2692,3,2013-08-21 18:04:24+00:00, ,370245012497235968,en,0,0,0,0,Twitter Web Client,Only shit!! panic.!! USD markets and eur/usd dropp.
134068272,sajayraju,False,5,192,294,0,2013-08-21 17:23:37+00:00, ,370234747718336512,en,0,0,2,0,Twitter Web Client,After FOMC Release Eur/Usd  will Touch the support at 1.32916 and will move up till 1.36916 @saraeisenFX
134068272,sajayraju,False,5,192,294,0,2013-08-21 17:23:25+00:00, ,370234698116505600,en,0,0,0,0,Twitter Web Client,@saraeisenFX After FOMC Release Eur/Usd  will Touch the support at 1.32916 and will move up till 1.36916
498885321,MRCoptions,False,28,0,977,0,2013-08-21 15:22:37+00:00, ,370204296685424640,en,0,0,0,0,Twitter Web Client,USD trades at session highs having made gains of 45 pips against the EUR (trades 1.3373 last) and 32 pips against JPY (trades 97.64 last)…
33973843,PipCzar,False,60156,767,84785,1839,2013-08-21 14:32:09+00:00, ,370191598144868353,en,0,0,1,0,TweetDeck,"for all of you following along the EDGE webinars...closed all remaining USD longs. Took a loss in EUR, but CAD, NZD, NOK and SEK did v-well"
75763473,FOREXTRADECALLS,False,107,73,1569,0,2013-08-21 14:24:55+00:00, ,370189776562839554,en,0,0,0,0,Twitter Web Client,BUY EUR/USD - AT 1.3387 STOP 1.3372 TARGETS 1.3402 AND 1.3430.
86358396,GlobalCurrencyS,False,266,103,2066,7,2013-08-21 14:18:39+00:00, ,370188201044246528,en,0,0,0,1,Facebook,"Good morning !!!
Our sell rates today are USD 1.0631 EUR 1.4459 and GBP 1.6849. 
Please call us  for more rates!!!"
60013723,genghiscapital,False,33571,196,20085,99,2013-08-21 13:51:59+00:00, ,370181489465372672,et,0,0,0,2,Twitter Web Client,"KES closes at GBP/KES 136.99, USD/KES 87.30 and EUR/KES 116.86 #Currencies"
383188100,FXspacetrader,False,909,308,40233,26,2013-08-21 11:46:04+00:00, ,370149803118034944,en,0,0,0,0,Twitter for iPad,Eur /usd struggling to get over pivot area and that 134. August nearly over last slog of the month end. Lack of buyers!..
534596355,InvocationAngel,False,515,881,2010,7,2013-08-21 10:03:33+00:00, ,370124002666094592,en,0,0,0,0,LinkedIn,"Eurex goes live with FX futures and options on EUR, USD,CHF and GBP on 7th October."
586537487,Trust_Capital,False,2014,1803,50949,36,2013-08-21 09:43:16+00:00, ,370118896818212864,en,0,0,0,0,Twitter Web Client,EUR/USD and GBP/USD supported into Fed minutes
586537487,Trust_Capital,False,2014,1803,50949,36,2013-08-21 09:42:42+00:00, ,370118757584089088,en,0,0,0,0,Twitter Web Client,FOMC to lead EUR/USD and DXY direction
36045940,jamielesinski,False,985,94,11208,40,2013-08-21 09:00:54+00:00, ,370108235610456064,en,0,0,0,0,LinkedIn,"EUR/USD trading at 1.3386 on interbank. UK companies with sales in the Eurozone &amp; the US, receiving payments in EUR and USD might to well d…"
36045940,jamielesinski,False,985,94,11208,40,2013-08-21 09:00:07+00:00, ,370108038469787648,en,0,0,0,0,LinkedIn,"EUR/USD trading at 1.3386 on interbank. UK companies earning with sales in the Eurozone &amp; the US, receiving payments in EUR and USD might t…"
20243744,FOREXcom,False,203864,124,46855,2281,2013-08-21 08:19:50+00:00, ,370097902581846016,en,0,0,0,1,Twitter Web Client,"#FX: USD Is higher across the board, along with GBP, EUR and JPY are mixed but lower versus USD, while AUD and NZD are weak ^KB"
79972729,ByungKooMulder,False,400,54,6620,12,2013-08-21 07:43:38+00:00, ,370088793153339392,en,0,0,0,0,LinkedIn,The Canadian Dollar is relative weak the latest trading sessions against the other major currencies (USD and EUR) but more weakness on the …
1672361040,BSLCCOFX,False,3,20,56,0,2013-08-21 07:36:58+00:00, ,370087113049374721,en,0,0,0,0,Twitter Web Client,Real money reported selling EUR/USD and GBP/USD on London open
1672361040,BSLCCOFX,False,3,20,56,0,2013-08-21 07:05:09+00:00, ,370079105963679744,en,0,0,0,0,Twitter Web Client,EUR/USD talk of system and model selling and expected profit taking from yesterday are bringing the pair lower
28366310,DailyFXTeam,False,146776,63,382464,2839,2013-08-21 04:37:48+00:00, ,370042027196424192,en,0,0,0,4,Twitter Web Client,"$AUD and $NZD losing another day against their major peers. Against USD: CHF +0.07%, EUR +0.04%, CAD -0.30%, AUD -0.40%, NZD -0.54%."
1410781302,amythjain89,False,59,528,5611,3,2013-08-21 04:25:37+00:00, ,370038958014885888,en,0,0,0,0,Twitter for BlackBerry®,"Pounds created history by making a fastest century yestrdy#ClapClap to GBP,!!Not to forget USD and EUR are following its footsteps.."
1131704142,MCS_bracelets,False,1176,1687,11150,13,2013-08-21 03:25:57+00:00, ,370023945501958144,en,0,0,1,0,Twitter for iPad,@mweller7 you can change it on the top of the page!! There is a little flag and on the right is EUR click there and change to USD!
316243667,ZeroBlockMkts,False,3207,23,154,98,2013-08-20 20:04:05+00:00, ,369912745304403969,en,0,0,0,0,Twitter Web Client,"We now support trading for the most popular Mt. Gox fiat currencies: AUD, CAD, EUR, GBP, JPY, PLN, and USD."
112768924,EMiniSP360,False,154,112,11493,4,2013-08-20 19:16:17+00:00, ,369900714342252544,en,0,0,0,0,Twitter for iPad,"The lower U.S. Dollar helped boost demand for the EUR/USD, GBP/USD and gold on Tuesday"
850040984,trendtraderplus,False,684,0,16951,28,2013-08-20 19:12:25+00:00, ,369899740483158016,en,0,0,0,0,Twitter Web Client,MEMBERS: Daily Trade Recap video posted and available now. Re: #EUR/USD - reconciling today's higher highs with our forecast from yesterday.
586537487,Trust_Capital,False,2014,1803,50949,36,2013-08-20 19:05:01+00:00, ,369897879806017536,en,0,0,0,0,Twitter Web Client,"EUR/USD, still and strong above 1.3400 zone"
1037972209,enlundm,False,20152,2392,20039,733,2013-08-20 18:27:26+00:00, ,369888422745231360,en,0,0,1,1,Twitter Web Client,"@zn8ke Everyone (most) now seem convinced that rotating into #EUR stocks is the way forward, out from (expensive) markets - USD and SEK."
96922032,kannan2121,False,1966,642,41953,25,2013-08-20 16:41:32+00:00, ,369861770849968128,en,0,0,0,0,TweetDeck,USD approach with the same villan role to GBP and EUR
6989942,taxfreelt,True,7969,1042,115268,126,2013-08-20 14:17:13+00:00, ,369825453219282944,en,0,0,0,0,Twitter for iPad,@1hourworkweek me too ;))) and Eur/usd
133819326,ggfiol,True,218,785,9422,6,2013-08-20 13:47:17+00:00, ,369817920689299456,en,0,0,0,0,Twitter for iPad,"Mi intraday: EUR/USD. Soportes 1.3300 (S1), 1.3231 (S2) and 1.3152 (S3). Resistencias: 1.3400 (R1). 1.3517 (R2) y 1.3706 (R3)."
80829359,AnnesLimo,True,120,152,16946,8,2013-08-20 13:21:22+00:00, ,369811396445220864,en,0,0,0,0,Twitter Web Client,EUR/USD how high can it go and how hard will it fall after SSqueeze?
1672361040,BSLCCOFX,True,3,20,56,0,2013-08-20 12:28:29+00:00, ,369798089189498881,en,0,0,0,0,Twitter Web Client,EUR/USD Hunting the stops into 1.3420 and up
1684575962,CDHoneyMoney,True,0,0,7,0,2013-08-20 12:27:32+00:00, ,369797849309274112,en,0,0,0,0,Twitter for Android,The EUR/USD is nearing a 7 month high. And with the Fed hinting at tapering the stimulus program next month this may be an #sellshort
600418672,tradingwf,True,96,270,3707,3,2013-08-20 10:44:50+00:00, ,369772005169434625,en,0,0,0,0,Twitter Web Client,EUR USD THIRD TOP...19/6...8/8....AND TODAY....
1672361040,BSLCCOFX,True,3,20,56,0,2013-08-20 09:28:43+00:00, ,369752850567417858,en,0,0,0,0,Twitter Web Client,"EUR/USD Selling noted in good size from Mid-East, ACB and corporate offers building ahead of 1.34 figure"
284059830,finanzenet,True,223,22,1965,5,2013-08-20 09:28:25+00:00, ,369752771559292928,en,0,0,0,0,LinkedIn,"Euro communication on ""recovery"" has debased traditional correlation (positive) between EUR/USD and equity markets, appalling achievement"
20243744,FOREXcom,True,203864,124,46855,2281,2013-08-20 08:00:11+00:00, ,369730569845743616,en,0,0,0,0,Twitter Web Client,"#FX: the yen is the strongest performer today,  while the Aussie is weaker after the RBA minutes. the EUR, GBP and USD are mixed ^KB"
285529923,tbbuck,True,389,698,2334,15,2013-08-20 07:32:30+00:00, ,369723603559796736,en,0,0,0,0,Twitter Web Client,"@stripe YAY, well done, great news! Any chance you'll open in Poland soon? Don't need Złoty support, I have USD,EUR and GBP bank accounts :)"
892608228,nshabal,False,36,66,184,0,2013-08-20 07:03:35+00:00, ,369716326190702592,et,0,0,0,0,Twitter Web Client,@ForexxMachine eur/usd and gbpusd
1514978995,DomeStrategic,False,658,402,6037,17,2013-08-20 05:41:19+00:00, ,369695620295970816,en,0,0,0,0,Twitter Web Client,Its time to start looking to buy USD medium term vs CHF and EUR #fx  wide stops needed
1338216499,platonniaga,False,213,1,9448,1,2013-08-20 05:21:34+00:00, ,369690651727650817,en,0,0,0,0,Twitter Web Client,"$AUD and $NZD down in today's trading. Against USD: CHF +0.12%, JPY +0.10%, EUR +0.10% GBP 0.00%, AUD -0.55%, NZD -1.08%."
28366310,DailyFXTeam,False,146776,63,382464,2839,2013-08-20 05:09:21+00:00, ,369687578049384448,en,0,0,0,3,Twitter Web Client,"$AUD and $NZD down in today's trading. Against USD: CHF +0.12%, JPY +0.10%, EUR +0.10% GBP 0.00%, AUD -0.55%, NZD -1.08%."
184504853,magadafi,False,104,419,831,6,2013-08-20 01:30:39+00:00, ,369632541290274816,en,0,0,0,0,Twitter for BlackBerry®,@ForexFranky I'm buying eur/usd and now I'm trading at a loss must I close this position or it will come around?
19226193,020trader,False,5589,2527,20817,130,2013-08-19 16:51:01+00:00, ,369501768977092608,en,0,0,1,0,Tweetbot for iOS,Euronext Liffe will introduce futures and options on currency pairs GBP/EUR en GBP/USD per September 16th.
31103963,waithash,False,11943,88,92396,470,2013-08-19 14:16:15+00:00, ,369462821253181441,en,0,0,0,0,TweetCaster for Android,"Kenya Shilling weakens closing at USD/KES 87.55,  GBP/KES 136.996,  and EUR/KES 116.92. #Currencies via  @genghiscapital"
60013723,genghiscapital,False,33571,196,20085,99,2013-08-19 14:15:03+00:00, ,369462520190234624,en,0,0,1,1,Twitter Web Client,"KES weakens closing at GBP/KES 136.996, USD/KES 87.55 and EUR/KES 116.92. #Currencies"
84318971,nejracehic,False,2830,1037,5308,75,2013-08-19 10:54:41+00:00, ,369412096796012544,en,0,0,0,0,Twitter Web Client,$EUR spiked against $USD and $JPY in past hour ahead of data this week on Germany's producer prices and #eurozone #PMI
420222544,waltervannelli,False,27950,703,51777,402,2013-08-19 09:27:27+00:00, ,369390140667351040,en,0,0,0,0,Twitter Web Client,EUR/USD developing negative momentum notes M Stanley and any rebound should now be limited to the 1.34 area.
773233016,bellofortrade,False,1054,1878,5034,6,2013-08-19 09:22:30+00:00, ,369388897299472385,en,0,0,0,0,Twitter for iPhone,"EUR/USD
""The euro zone’s growth will mainly be driven by increased demand from the US and emerging economies."""
1150879982,CrossbarFX,False,246,370,869,10,2013-08-19 09:18:55+00:00, ,369387993657638912,en,0,0,0,0,TweetDeck,GBP remains brimming with promise in the 1.17+ vs EUR and 1.5630+ vs USD territory. Good foundation for attack higher in Sept and Oct
36045940,jamielesinski,False,985,94,11208,40,2013-08-19 09:18:54+00:00, ,369387988456701952,en,0,0,0,0,TweetDeck,GBP remains brimming with promise in the 1.17+ vs EUR and 1.5630+ vs USD territory. Good foundation for attack higher in Sept and Oct
1130474064,CurrenciesGuySA,False,359,804,937,7,2013-08-19 08:45:27+00:00, ,369379573592387585,en,0,0,0,0,Twitter Web Client,"And the losses continue, heading back to the levels in May? USD / ZAR  10.0909 GBP / ZAR  15.7620 EUR / ZAR  13.4465"
20243744,FOREXcom,False,203864,124,46855,2281,2013-08-19 08:07:40+00:00, ,369370066036330496,en,0,0,0,0,Twitter Web Client,"#FX: The Aussi and Kiwi are leading the FX markets today, GBP and CAD are mixed, while EUR and USD are mostly lower ^KB"
87656168,IAreMotheo,False,349,508,37626,7,2013-08-19 06:53:41+00:00, ,369351446715588608,en,0,0,0,0,UberSocial for BlackBerry,RT @RMB_GM: USD/ZAR and EUR/ZAR open at 10.08 and 13.45 with high two way risks and a bias for rand weakness.
259604418,RMBCIB,False,14257,247,21478,127,2013-08-19 06:51:16+00:00, ,369350838449238016,en,0,0,0,0,Ensight,USD/ZAR and EUR/ZAR open at 10.08 and 13.45 with high two way risks and a bias for rand weakness.
38402800,Scofield_Fx,False,1865,2057,57239,68,2013-08-19 06:46:14+00:00, ,369349571081535488,en,0,0,0,0,Tweetbot for iOS,USD/ZAR and EUR/ZAR open at 10.08 and 13.45 with high two-way risks and a bias for rand weakness. #fx
21806379,hasan1,False,826,319,23653,55,2013-08-19 04:29:29+00:00, ,369315156355842048,en,0,0,0,0,Tweetlogix,And EUR/USD breaking below 1.3300 is where the fun is
708689258,perppl,False,5,57,212,0,2013-08-18 17:42:36+00:00, ,369152364894105600,en,0,0,0,0,Facebook,"The upside/downside of travel: I now know the XRates of USD, GBP, HKD, INR, EUR, CNY! And I mean XRates, not just with USD as base."
80829359,AnnesLimo,False,120,152,16946,8,2013-08-18 16:27:34+00:00, ,369133478626881537,en,0,0,0,0,Twitter for Android,FD I am short eur and aud vs usd.
80829359,AnnesLimo,False,120,152,16946,8,2013-08-18 16:25:51+00:00, ,369133049050443778,en,0,0,0,0,Twitter for Android,Time for the #USD to strengthen. Dumb moves worring about #FED taper or no when we know #EUR is still problematic and #AUD is cutting.
760883833,petergo99037185,False,234,40,304257,2,2013-08-17 02:27:06+00:00, ,368559580101357568,en,0,0,0,0,Twitter Web Client,"@MarcNewfield $GOLD and $AAPL were flying solo for two years, TREND... 
in this case Artificial MOVES of $USD caused by YEN/DOL/EUR triangle"
850040984,trendtraderplus,False,684,0,16951,28,2013-08-16 18:57:23+00:00, ,368446407713120256,en,0,0,0,1,Twitter Web Client,MEMBERS: Daily Trade Recap video posted and available now. Re: #EUR/USD top-down analysis from Weekly to 60m. Prospects for a top reversal.
278937347,mosesharding,False,5905,52,64084,127,2013-08-16 16:32:08+00:00, ,368409854333181952,en,0,0,0,0,Twitter for BlackBerry®,EUR/USD completes back and forth of 1.3150/1.3200-1.3350/1.3400; tone neutral but break-out will be into lower end for extension into 1.3000
234268954,uknewthinking,False,1610,36,11542,59,2013-08-16 14:49:07+00:00, ,368383929117462529,en,0,0,0,0,Twitter Web Client,"Friday NY positioning and volatility kick in as #EUR/USD dips to near 1.3320, key s/t support ain the 1.33 area"
575571036,realclod,False,127,399,16944,5,2013-08-16 13:34:54+00:00, ,368365252145991681,en,0,0,0,0,Twitter for iPhone,"“@PipCzar: closed out all remaining USD longs. Took losses in EUR, AUD and NZD/USD today.”&lt;----banned from twitter b/c we only win here lol"
33973843,PipCzar,False,60157,767,84785,1839,2013-08-16 13:21:37+00:00, ,368361909759655936,en,0,0,2,0,TweetDeck,"closed out all remaining USD longs. Took losses in EUR, AUD and NZD/USD today."
36499730,kathylienfx,False,71338,174,16423,1466,2013-08-16 12:36:38+00:00, ,368350586984345600,en,0,0,0,1,TweetDeck,EUR/USD rally gaining momentum after slightly weaker housing starts and building permits.
1617960900,Fxinity,False,478,29,2586,18,2013-08-16 11:44:05+00:00, ,368337363384430592,en,1,0,0,0,Twitter for iPhone,Goldman Sachs forecasts EUR/USD trading range at $1.370 in H1 and $1.400 in H2 2013
210812422,VantageFXUK,False,375,474,2003,3,2013-08-16 09:32:03+00:00, ,368304135436652544,en,0,0,0,0,Twitter Web Client,"Small dips for both #GBP and #EUR in sentiment during yesterday's trading, with the big swings on #USD and #JPY..."
386115497,_Trader_Pete_,False,85,137,2629,11,2013-08-16 09:16:36+00:00, ,368300248499642368,en,0,0,0,0,Twitter Web Client,... I'm only moaning about the EUR/USD as I got chopped on a short and the market whipped through to a long order which slipped by 20 pips.
25825021,michaelpls91,False,449,1752,6221,1,2013-08-16 08:52:40+00:00, ,368294224745078784,en,0,0,0,0,Twitter Web Client,"@facebook At 05:00 GMT, the EUR is trading flat against the USD and the GBP at USD 1.3344 and GBP 0.8538, respectively."
25825021,michaelpls91,False,449,1752,6221,1,2013-08-16 08:51:47+00:00, ,368294003441008640,en,0,0,0,0,Twitter Web Client,"At 05:00 GMT, the EUR is trading flat against the USD and the GBP at USD 1.3344 and GBP 0.8538, respectively."
20243744,FOREXcom,False,203864,124,46855,2281,2013-08-16 07:39:10+00:00, ,368275727549857793,en,0,0,0,1,Twitter Web Client,"#FX: USD, EUR, JPY and GBP are weaker today, while  the Aussie and Kiwi and clawing back some gains. CAD and CHF are mixed. ^KB"
188251035,64tetrahedron,False,1538,143,20800,41,2013-08-16 00:34:17+00:00, ,368168804821377024,en,0,0,0,0,Twitter for iPhone,"Macro book up only 1.2% in Aug. Contributors: EUR/USD, crude, gold, wheat, silver, and corn."
440203286,ProsperityFXPro,False,459,0,5289,13,2013-08-15 21:05:49+00:00, ,368116339602255873,en,0,0,0,0,Twitter Web Client,up rapidly and I believe will conclude upon the trend short on EUR/USD which will be a 15 min candle close above 1.3400
469175897,AnthonyGibson12,False,259,529,98,7,2013-08-15 19:30:51+00:00, ,368092440084766720,en,2,0,0,0,Twitter Web Client,Yippee!! movement in the markets today allowed us to make good money on the EUR/USD our forum trade +60 and our only text  +70
110793585,FXCM,False,107435,66,59598,1505,2013-08-15 18:10:57+00:00, ,368072334605033472,en,0,0,0,2,Hootsuite,RT @kathylienfx: Lack of news on $EUR/USD and simultaneous move in Gold suggests rally has to do with positioning and stops #euro
36499730,kathylienfx,False,71338,174,16423,1466,2013-08-15 18:06:48+00:00, ,368071289354735616,en,4,0,2,4,TweetDeck,Lack of news on EUR/USD and simultaneous move in Gold suggests rally has to do with positioning and stops #euro
29708582,FXDIRK,False,31580,3556,42567,503,2013-08-15 17:50:09+00:00, ,368067100247859200,en,0,0,1,0,Twitter for iPhone,"if EUR/USD manages to get up to 1.3415 and closes 4h-candle, we might go up to old high around 1.37ers-would be alright for me :-) #FXDIRK"
36499730,kathylienfx,False,71338,174,16423,1466,2013-08-15 17:46:18+00:00, ,368066131942055936,en,1,0,3,2,TweetDeck,Wow I go out to buy lunch and EUR/USD is 80 pips higher!
151848500,TomMcForex,False,1526,276,13727,48,2013-08-15 15:46:59+00:00, ,368036103799832576,en,0,0,0,0,TweetDeck,Eur/Usd truly is a horrible bloody trade this month. We're now back in that 1.32-1.33 range and it's nearly retraced that whole move down.
201847268,GeorgeStoykov,False,1560,139,57469,87,2013-08-15 15:04:29+00:00, ,368025407682928640,en,0,0,0,0,TweetDeck,Both EUR and USD CHF have clean 5 up from the low.
823310,peterbihr,False,7749,735,44308,535,2013-08-15 14:56:31+00:00, ,368023404076888064,en,0,0,2,0,YoruFukurou,"German customs charge 1h of work (EUR45) to process a UPS shipment and still confuse USD and EUR? Thanks for nothing, customs."
11995222,moomerman,False,673,1131,3086,48,2013-08-15 14:31:57+00:00, ,368017220258893824,en,1,0,0,0,Twitter Web Client,"@stripe have just launched in the uk, and with GBP, USD and EUR payments.  (that's the sound of 10s of aged uk payment companies collapsing)"
473967709,nickolivari,False,377,95,25198,17,2013-08-15 13:58:04+00:00, ,368008693117239296,en,0,0,0,2,Twitter Web Client,"eur volume picks up, now USD3.4 bln in eur on RD. USD 2.23 bln in jpy and AUD1.37 bln in aud. but still more yen action on a relative basis"
1642912063,FurryDays,False,307,517,3470,4,2013-08-15 13:52:58+00:00, ,368007409488232448,en,0,0,0,0,TweetDeck,LinkedIn just stole 180 eur (240 USD) from my credit card for a service I asked to disable one year ago (and they confirmed it was disabled)
1619942736,GreedyTrader81,False,146,44,4992,12,2013-08-15 13:49:15+00:00, ,368006474749837313,en,2,0,0,0,Twitter Web Client,"Great gains for me on USD/JPY long positions AUD/USD short positions and USD/CHF long positions, EUR/USD short. Covered profits..."
477074187,Anjali_Mirpuri,False,126,11,3559,2,2013-08-15 12:40:20+00:00, ,367989133022879744,en,0,0,0,0,Twitter for iPhone,Buy usd and eur against the canadian dollar !!!!!!! JACKPOT IN A FEW MINUTES :) or RIGHT NOW! :) #jackpot thursday
1469157986,HistomiMusa,True,195,23,468,2,2013-08-15 11:14:35+00:00, ,367967549939396608,en,0,0,1,0,Twitter Web Client,@FRCSIGNALS are we to stay out of trade for GBP/USD and EUR/USD? BEFORE THE US CORE CPI NEWS?
1423244396,bradleyjason332,True,174,58,3370,3,2013-08-15 11:08:31+00:00, ,367966024341389312,en,0,0,0,0,Twitter for Android,Gold &amp; Silver are making their turns. Eur/Usd is freeing up from Aussie and Cable. About to go up. And Yen is looking weak.
1229582402,CSSPartnersFX,True,418,841,103,4,2013-08-15 09:54:29+00:00, ,367947394605785088,en,0,0,0,1,Twitter Web Client,EUR/USD and GBP/USD run higher look to be running out of steam
210812422,VantageFXUK,True,375,474,2003,3,2013-08-15 09:32:19+00:00, ,367941817544626176,en,0,0,0,0,Twitter Web Client,"#EUR did manage to pick up some points though, while both #USD and #JPY dropped slightly... #ForexSentiment"
974345539,MyTreasuryAdv,True,693,1791,1046,13,2013-08-15 08:34:54+00:00, ,367927366367993857,en,0,0,0,0,LinkedIn,After stronger than expected UK July retail sales GBP/USD hits a 1 month high of 1.5580 and EUR/GBP a 1 month low of 0.8525
1423244396,bradleyjason332,True,174,58,3370,3,2013-08-15 08:05:39+00:00, ,367920006707032064,en,0,0,0,0,Twitter for Android,Still short Aud/Usd. Short Gold &amp; Silver with silver having more to lise now. Long Eur/Usd &amp; Eur/Aud and short yen.
414259284,Tickmill,True,34132,125,25711,162,2013-08-15 07:48:32+00:00, ,367915699013812224,en,0,0,0,0,Twitter Web Client,#EUR/USD European Buy Orders 1.3250-60 and 1.3235-40
68654918,Ton4aLiving,True,973,926,40308,22,2013-08-15 07:42:48+00:00, ,367914253811867648,en,0,0,1,0,Janetter,RT @OrderFlowForex EUR/USD - Asian sovereign name sold above 1.33 earlier and has more offers around 1.3320 @ajakkk
280113065,PredatorTrading,True,2603,305,16058,94,2013-08-15 07:26:00+00:00, ,367910027698253824,en,0,0,0,1,Twitter Web Client,EUR/USD - Asian sovereign name sold above 1.33 earlier and has more offers around 1.3320
20243744,FOREXcom,True,203864,124,46855,2281,2013-08-15 07:17:52+00:00, ,367907981494456320,en,0,0,0,0,Twitter Web Client,"#FX: USD is weaker today along wiht the GBP and EUR, AUD, NZD are higher, while CHF and CAD are mixed ^KB"
718119902,armanditoblume,False,97,22,3460,1,2013-08-15 06:55:32+00:00, ,367902357868527616,en,0,0,0,0,Twitter for iPad,"....but it looks like we are getting reversals without volatility more and more..at this point eur/usd could go to 1,30without visiting 134"
259604418,RMBCIB,False,14257,247,21478,127,2013-08-15 05:02:22+00:00, ,367873881539096576,en,0,0,0,2,Ensight,The rand has backed off the key levels of 10.00 on USD/ZAR and 13.25 on EUR/ZAR.
21806379,hasan1,False,826,319,23653,55,2013-08-15 04:10:52+00:00, ,367860921315504129,en,0,0,0,0,Tweetlogix,And that's exactly why you don't short in an uptrend. EUR/USD
760883833,petergo99037185,False,234,40,304257,2,2013-08-15 00:45:53+00:00, ,367809333129523200,en,0,0,0,0,Twitter Web Client,"With DOL Denominated YEN negative, 97.89 -0.24, the lack of BOJ pushy pushy ONE DOLLAR, makes EUR and $USD to react strong, EUR/USD +0.0010"
252584436,owsi1968,False,6370,366,53774,148,2013-08-15 00:34:23+00:00, ,367806441404379136,en,0,0,0,0,Twitter Web Client,Yawn..Still holding my short eur usd..3 weeks now and nothing much..Looking for a break below 130..It will go..just takes time
343722036,salim0896,False,473,530,10014,0,2013-08-14 23:36:58+00:00, ,367791992107196416,en,0,0,0,0,Twitter for BlackBerry®,"@ZishanBaangi trading currencies, Eur/usd, I occasionally trade buy and sell Gold and apple"
1426030922,MingliFX,False,57,40,10209,6,2013-08-14 17:43:14+00:00, ,367702972618125313,en,0,0,0,0,Twitter Web Client,"EUR, GBP, gold and silver have been rallying against the USD for quite some time already. So I will keep undertrading. Patience. Alot of it."
17619280,juliecheung,False,1579,466,20950,81,2013-08-14 17:21:54+00:00, ,367697603850285056,en,0,0,2,0,Twitter Web Client,"@lyndoman lol more money than sense :D - no, never spreadbet FTSE, just straight buy/sell on EUR/USD and GBP/USD only"
891500648,FX_ElliottWave,False,5578,17,2730,102,2013-08-14 15:43:57+00:00, ,367672950549258240,en,0,0,1,1,Twitter Web Client,"USD is flat against EUR and CHF, but down against GBP. Question is, has GBP resumed a larger rally -- or is that just a deep correction?"
1383738607,ElysiumFX,False,119,260,1974,5,2013-08-14 15:32:32+00:00, ,367670077115482113,en,0,0,0,0,TweetDeck,"$USD, $EUR, $AUD, $CHF, and $CAD yen pairs are all hitting important price areas. 4-hr charts."
375731000,KevinJamessfm,False,1106,835,41315,121,2013-08-14 14:31:15+00:00, ,367654658363248641,en,0,0,0,0,Twitter Web Client,closing fx predictions: eur/gbp below0.8550 and eur/usd below 1.3255
1423244396,bradleyjason332,False,174,58,3370,3,2013-08-14 13:44:03+00:00, ,367642777339068416,en,0,0,0,0,Twitter for Android,"The way I see it, no matter what the Fed says about tapering Eur/Usd will rise. And when they really do taper Eur/Usd will skyrocket..."
28169100,NomantisFX,False,95,2,85,0,2013-08-14 13:33:55+00:00, ,367640229642907648,en,0,0,0,0,Twitter Web Client,Orders are in to short EUR/USD at 1.3271 and GBP/JPY at 152.61
1359039774,Hikemangroup,False,340,543,2076,2,2013-08-14 08:54:39+00:00, ,367569946689032192,en,0,0,0,0,Twitter Web Client,Angry in the office...missed two alerts to send out by 10 seconds....damn. buy gbp/usd and sell eur/gbp...At least I got them on my platform
259604418,RMBCIB,False,14257,247,21478,127,2013-08-14 05:14:19+00:00, ,367514501434060801,en,0,0,0,5,Ensight,USD/ZAR opens at just below 10.00 and EUR/ZAR at 13.23.
148290382,fivemack,False,433,265,7642,12,2013-08-13 23:25:04+00:00, ,367426606135906305,en,0,0,0,0,Twitter Web Client,"@cmdrjameson One five-hundred-and-fiftieth, in 2012 (not corrected for different year-ends, EUR/USD exchange rate, position of Neptune &amp;c)"
232136043,Dinkdoo96,False,1272,1236,7601,20,2013-08-13 22:03:20+00:00, ,367406040389660672,en,0,0,0,0,Twitter for Android,"Picked up 40 pips on the Eur/Usd using Supply and Demand, looking to catch momentum waiting for my next signal, Patience makes Pips"
35796723,JeremyWS,False,5044,543,18861,207,2013-08-13 21:12:03+00:00, ,367393135107641344,en,0,0,0,0,TweetDeck,"Getting long Yen against CAD, GBP, EUR and USD for a retracement after today's move. Stochastics oversold and at support"
435790812,terrencewalsh1,False,410,289,4882,47,2013-08-13 17:36:10+00:00, ,367338806241804288,en,0,0,0,0,Twitter for iPad,"Order to short EUR/USD 1.3285/1.3315,S/L and targets upon short entry."
339433762,forexmentor_lct,False,557,0,8870,11,2013-08-13 16:30:51+00:00, ,367322365518024704,en,0,0,0,0,Twitter Web Client,"moving stops to entry on EUR/USD and USD/CHF, with second entries, will be taking profits and closing soon"
14889836,crooy,False,72,145,554,1,2013-08-13 14:01:25+00:00, ,367284760718376960,en,0,0,1,0,Twitter for Mac,@skrebbel en_IE also gives USD and EUR…
23047798,skrebbel,False,654,617,6171,0,2013-08-13 13:50:19+00:00, ,367281967626076160,en,0,0,3,0,Twitter Web Client,"@crooy so I guess they chose consistency (""use weird symbol only for own currency""). Curious: what're USD and EUR in en-IE?"
549188699,RichiePoshMan,False,167,643,1956,2,2013-08-13 13:46:46+00:00, ,367281075552534528,en,0,0,0,0,Twitter for iPhone,Eur/Usd is at 1.3250 and probability of extending to 1.3225 still persists. But I closed the deal at 1.3250
75588314,jhbain,False,128,87,3408,0,2013-08-13 13:45:46+00:00, ,367280820551032832,en,0,0,0,0,Twitter Web Client,Long usd/jpy from 97.95 and short eur/usd from 1.3260
1477718814,winnertrades,False,259,161,9720,6,2013-08-13 13:34:49+00:00, ,367278068236169217,en,0,0,0,0,Twitter Web Client,short gold and eur usd
269294861,SorsTrade1,False,420,802,29862,42,2013-08-13 12:56:51+00:00, ,367268511292207104,en,0,0,0,0,LinkedIn,EUR/USD 1.3250 and tanking
452872127,DarionElite,False,163,593,1760,2,2013-08-13 12:42:01+00:00, ,367264777497612288,en,0,0,0,0,Twitter Web Client,Seeing leveraged and real money buying Eur/Chf around 1.2365/75 region. Usd/Chf rallying sharply post data triggeringmodel stops above0.9320
484328118,ExoticAffluence,False,497,407,15430,8,2013-08-13 10:03:27+00:00, ,367224874642997248,en,0,0,0,0,iOS,"Information On FTSE 100 DAX EUR/Usd
And EUR/JPY
The European markets have rallied based on speculation this morning 
Kennedy@onetwotrade.com"
1423244396,bradleyjason332,False,174,58,3370,3,2013-08-13 10:02:51+00:00, ,367224725577408512,en,0,0,0,0,Twitter for Android,Either jump on the yen weakness train or get left behind. The stage is set for at least 98.50 for Usd/Jpy and Eur/Jpy at 130.60.
25825021,michaelpls91,False,449,1752,6221,1,2013-08-13 09:45:54+00:00, ,367220458917081088,en,0,0,0,0,Twitter Web Client,"the EUR has advanced 0.1 percent each versus the USD and the GBP to trade at USD 1.3312 and GBP 0.8608, respectively."
25825021,michaelpls91,False,449,1752,6221,1,2013-08-13 09:45:22+00:00, ,367220325244604416,en,0,0,0,0,Twitter Web Client,"The JPY has weakened 0.6 percent and 0.4 percent against the EUR and the USD, respectively."
549188699,RichiePoshMan,False,167,643,1956,2,2013-08-13 08:56:36+00:00, ,367208050291404801,en,0,0,0,0,Twitter for iPhone,Eur/Usd: short positions at 1.3300 with target of 1.3260 and 1.3225 in extension. Stop loss at 1.3345
1469157986,HistomiMusa,False,195,23,468,2,2013-08-13 08:28:58+00:00, ,367201096214646784,en,0,0,0,0,Twitter Web Client,@ForexWealthGuru THANKS FOR TODAY SIGNAL. I JUST MADE 40 PIPS IN USD/JPY AND 30 PIPS IN EUR/JPY THANKS. THATS OK FOR ME TODAYGOD I THANK YOU
90916172,tradeincome,False,1131,31,947,12,2013-08-13 07:50:52+00:00, ,367191508388036611,en,1,0,0,0,Twitter Web Client,EUR/USD - I have two orders placed above the recent range.  Buy stop at 13320 and sell stop at 13275.  Both with 30 pip targets.
55513519,TraderJJS,False,4712,6,9956,87,2013-08-13 07:36:11+00:00, ,367187813604663296,en,0,0,0,0,Twitter Web Client,"... Eco EUR 5 am German + EZ ZEW, Industrial Production, USD 8:30 Core|Retail Sales and 10 am Business Inventories."
20243744,FOREXcom,False,203864,124,46855,2281,2013-08-13 07:31:49+00:00, ,367186714264997888,en,0,0,1,1,Twitter Web Client,"In the FX space: The yen is the biggest loser, while EUR, GBP and USD are mostly higher, AUD and NZD are weaker ^KB"
1130474064,CurrenciesGuySA,False,359,804,937,7,2013-08-13 06:57:53+00:00, ,367178173454098432,en,0,0,0,0,Twitter Web Client,Markets will be eyeing German ZEW Economic Sentiment at 11:00 and US Retail Sales at 14:30 SA time: USD/ZAR 9.90 GBP/ZAR 15.32 EUR/ZAR 13.18
576985163,PipSqueakTrader,False,38,25,969,1,2013-08-13 01:53:09+00:00, ,367101485730889728,en,0,0,0,0,StockTwits Web,"after a light Monday, we are getting ready to rock and roll for the week. Good EUR data and crappy USD data = $EURUSD 1.3400 coming up."
760883833,petergo99037185,False,234,40,304257,2,2013-08-13 00:18:46+00:00, ,367077735966834688,en,0,0,0,0,Twitter Web Client,Fx players EUR/USD &amp; GBP/USD shud be shorted if Conditions and NEWS remain same. $/YEN aggressive intervention BOJ propitious profits short&lt;
1351856251,TokyoMTG,False,14313,76,16913,237,2013-08-12 20:49:33+00:00, ,367025084071804928,en,0,0,0,1,Twitter for iPad,"We want to make shopping for JP cards as easy as possible, so we accept the following currencies: USD, JPY, AUD, CAD, EUR, GBP and SGD! #mtg"
101002059,Frances_Coppola,True,73114,5204,597589,2292,2013-08-12 20:41:44+00:00, ,367023117233045504,en,0,0,1,0,Hootsuite,"@rosaltmann Those are the 5-year charts for GBP versus EUR, USD and JPY. If the exch rate doesn't move, QE does not affect £."
850040984,trendtraderplus,True,684,0,16951,28,2013-08-12 19:08:08+00:00, ,366999559261532160,en,0,0,0,0,Twitter Web Client,MEMBERS: Daily Trade Recap video posted and available now. Re: EUR/USD top-down from Monthly to 60m. Is high level Market Flow reversing?
27108990,chrisfkeane,True,2322,316,21259,70,2013-08-12 15:12:22+00:00, ,366940226242879490,en,0,0,0,0,Twitter Web Client,"Followed  by EUR and GBP CPI readings, and the EUR ZEW plus USD Retail Sales.  Sparks everywhere just have to see if any fires start (2/2)"
90916172,tradeincome,True,1131,31,947,12,2013-08-12 14:42:54+00:00, ,366932813083185153,en,0,0,0,0,Twitter Web Client,EUR/USD - Falling off the highs of 13400 and back at the previous resistance 13300.  Looking for more pull back to 13250
86358396,GlobalCurrencyS,True,266,103,2066,7,2013-08-12 14:38:04+00:00, ,366931597049597952,en,0,0,1,1,Facebook,"Happy Monday!!  Today we are selling USD @ 1.0541, EUR @ 1.4197 and GBP @ 1.6404.  Please call for quotes on large trades!"
1351856251,TokyoMTG,True,14313,76,16913,237,2013-08-12 12:04:29+00:00, ,366892945212846081,en,0,0,0,0,Twitter for iPad,"We want to make shopping for JP cards as easy as possible, so we except the following currencies: USD, JPY, AUD, CAD, EUR, GBP and SGD! #mtg"
363418210,ZanderLuke,True,41,285,241,2,2013-08-12 11:54:32+00:00, ,366890442702336001,en,0,0,1,0,TweetCaster for Android,"BOFA and Merrill are selling a bunch of EUR/USD. Getting short, targeting the 1.28210 level"
498885321,MRCoptions,True,28,0,977,0,2013-08-12 11:26:57+00:00, ,366883502391693312,en,0,0,0,0,Twitter Web Client,"USD continues to see strength against EUR, JPY and GBP during a session light on volume and newsflow, with the USD-index seen up 0.4%... #fx"
210812422,VantageFXUK,True,375,474,2003,3,2013-08-12 10:58:33+00:00, ,366876351875121154,en,0,0,0,0,Twitter Web Client,#GBP dropped down over 10 sentiment points in Friday's trading with both #EUR and #USD picking up points... #ForexSentiment #VantageFXUK
20243744,FOREXcom,True,203864,124,46855,2281,2013-08-12 07:42:34+00:00, ,366827033122193408,en,0,0,0,2,Twitter Web Client,"#FX: A very quiet data day today, the USD Is stronger along with the EUR and GBP in the G10, while the yen, AUD and NZD are weak ^KB"
760883833,petergo99037185,False,234,40,304257,2,2013-08-12 06:27:07+00:00, ,366808043154976773,en,0,0,0,0,Twitter Web Client,"with $USD positive and Japan's $Denominated / YEN +0.28 (BOJ pushing YEN down), we can expect EUR/USD to lose ground Sterling too, both down"
1375810338,_Man0lex,False,187,1884,2692,3,2013-08-12 05:17:47+00:00, ,366790598457434114,en,0,0,0,0,Twitter Web Client,"#Breakin #Calendar today, $EUR Consumer price Index M/M and Y/Y Portugal 6:00AM, $USD Budget Statement 2:00PM. Time Chile."
159771343,AMehring,False,25,178,10715,4,2013-08-11 14:20:33+00:00, ,366564800135827456,en,0,0,0,0,Twitter Web Client,"If my boyfriend and I got married, we would save #taxes in the amount of 48,13 EUR (~ 64.21 USD). The German #taxsystem is so unromantic. :("
238416519,jonnodillinger,False,238,197,13581,6,2013-08-11 05:33:51+00:00, ,366432251384307713,en,0,0,0,0,Twitter Web Client,"different bank accounts for EUR, NOK, GBP, and of course USD"
165376839,SNforex,False,87,152,56,0,2013-08-10 14:53:22+00:00, ,366210670192103424,en,3,0,0,0,Twitter for iPhone,Now it is right time to buy USD vs eur and stg at any level on Monday looking for 1.1850
25825021,michaelpls91,False,449,1752,6221,1,2013-08-10 09:01:36+00:00, ,366122145027325952,en,0,0,0,0,Twitter Web Client,"The EUR is trading 0.6 percent, 0.2 percent and 0.1 percent lower against the JPY, the USD and the GBP, respectively."
547904132,drskharlamov,False,1665,4998,119408,250,2013-08-10 07:41:02+00:00, ,366101871955427329,en,1,0,0,0,Twitter for iPad,"Russia should pay to EU and US (1 EUR = 0.75 USD) 46.04 trn EUR + 68.12 trn USD = 97.13 trn EUR in and out of procedure by Sep, 11th, 2013"
224318833,dipsailor,False,445,402,9452,0,2013-08-09 23:47:17+00:00, ,365982647593345027,en,0,0,0,0,Twitter for BlackBerry®,"These are the most liquid and the most sexy (USD, EUR, JPY, GBP, CHF, CAD, NZD, and AUD) #currencies"
850040984,trendtraderplus,False,684,0,16951,28,2013-08-09 17:48:50+00:00, ,365892442244915200,en,0,0,0,0,Twitter Web Client,"#EUR/USD: Daily chart resistance is holding exactly where we expected this time yesterday, and intraday Market Flow is bearish. Topping?"
541793386,BrainsAllGone,False,710,17,1023,4,2013-08-09 16:52:18+00:00, ,365878215396433921,en,4,0,0,3,Twitter Web Client,"Wanna order our debut EP? 
Price with the shipping: 7 USD; 5 EUR; 5 GBP. Send your orders and any questions to brainsallgoneorders@gmail.com"
33973843,PipCzar,False,60157,767,84785,1839,2013-08-09 15:34:47+00:00, ,365858705922732032,en,0,0,0,0,TweetDeck,I am maintaining the AUD/NZD long at 1.1433 and EUR/GBP short at .8600...that's it folks! Strange being short the USD last 3 days for sure
278937347,mosesharding,False,5905,52,64084,127,2013-08-09 15:29:54+00:00, ,365857477474009088,en,0,0,0,0,Twitter for BlackBerry®,EUR/USD failed at mid-point of 1.3350-1.3450 and back below 1.3350; watch 1.3200/1.3250-1.3400/1.3450 now
1260595735,charmer1881,False,259803,285433,23686,422,2013-08-09 14:19:47+00:00, ,365839833274392577,en,0,0,1,0,Twitter for Android,@sunilddesai I only trade the gbp/usd and eur/usd as I know these currencies trates to a tee.....
28140960,spreadthetrend,False,300,347,7329,10,2013-08-09 13:02:49+00:00, ,365820462481162240,en,0,0,0,0,Twitter Web Client,A little bit of #Yen strength again today and once again our Equity markets don't like that so much..... $JPY USD/JPY EUR/JPY
130518134,lil_jay890,False,29,120,348,0,2013-08-09 11:23:16+00:00, ,365795409559420928,en,0,0,0,0,TweetCaster for Android,@measuredmove people were caught overly long usd and factoring in sept taper. Sept in ? And decent eur data = grind higher. Pain trade
372819714,ulas_akincilar,False,1075,485,8405,42,2013-08-09 10:40:25+00:00, ,365784626284871682,en,1,0,0,0,Twitter Web Client,"if its the case EURAUD and GBPAUD will correct lower hard and AUDUSD has big upside potential but i dont want to short USD,EUR or GBP now"
210812422,VantageFXUK,False,375,474,2003,3,2013-08-09 10:11:26+00:00, ,365777332553777154,en,0,0,0,0,Twitter Web Client,#EUR and #USD yo-yoing as sentiment for both reverse with the euro up 14.41 sentiment points and the dollar down 11.88 #forexsentiment
518452185,AfiduAfrim,False,0,2,1,0,2013-08-09 08:38:08+00:00, ,365753851221000192,en,0,0,0,0,Twitter for Websites,@askhaitham653 are we having hidden divergence in Weekly EUR/USD chart and a regular divergence in Daily chart?
547904132,drskharlamov,False,1665,4998,119408,250,2013-08-09 07:43:48+00:00, ,365740178905628674,en,1,0,0,0,Twitter for iPad,"Russia should pay to EU and US (1 EUR = 0.75 USD) 23.02 trn EUR + 34.06 trn USD = 48.57 trn EUR out of procedure by Sep, 11th, 2013"
61431717,TA3Ltd,False,328,1048,4617,17,2013-08-09 06:58:31+00:00, ,365728784248356865,en,0,0,0,0,Twitter Web Client,"EUR/USD now above  2011-2013 downtrend,  200 week ma and the June high  at 1.3402/17 the target to break. 1.3370/30 supports"
760883833,petergo99037185,False,234,40,304257,2,2013-08-08 19:18:29+00:00, ,365552613690843139,en,0,0,0,0,Twitter Web Client,"World Currencies '''COINS'' EUR/USD + 46 pips, USD/JPY + 0.23 , GBP + 54 pips, &lt;&gt; OVERLAY in both EURO and British Pound Sterling, BET DOWN."
273938847,Excalifragilist,False,429,434,6194,12,2013-08-08 16:34:44+00:00, ,365511405220270080,en,1,0,0,0,Mobile Web (M2),"@matigreenspan its been a long wait, may the $GBP/USD $USD/CAD and $EUR/USD bears charge with fury. happy pipping!"
927837920,omni2226,False,129,350,3821,0,2013-08-08 15:29:25+00:00, ,365494966677536770,en,0,0,0,0,Twitter Web Client,Just a few pips to my target of 1.34 on EUR/USD long. Took profit on short USD/YEN. Will reload if it goes below .96 and holds.
440203286,ProsperityFXPro,False,459,0,5289,13,2013-08-08 14:18:51+00:00, ,365477209542098945,en,0,0,0,0,Twitter Web Client,We are finally at EUR/USD shorting levels from weeks back. The call will come live and it will be a precisely technical one. Once I see the
1423244396,bradleyjason332,False,174,58,3370,3,2013-08-08 13:08:44+00:00, ,365459563492814851,en,0,0,0,1,Twitter for Android,Huge diversion with the Eur/Usd on 6 and 8 hour chart.  Going short here. Running out of steam.
383188100,FXspacetrader,False,909,308,40233,26,2013-08-08 13:04:05+00:00, ,365458394481561601,en,0,0,0,0,Twitter for iPad,Eur /usd battling with that 13360/70 area. Low volume August blues etc. candle patterns and price action
86358396,GlobalCurrencyS,False,266,103,2066,7,2013-08-08 12:55:55+00:00, ,365456338031087617,en,0,0,0,1,Facebook,"Good  morning everyone! :) 
The sell rates today are: USD 1.0608; EUR 1.44 and GBP 1.6613.

Please call us for more rates!!!"
139707166,jeanienyc,False,894,392,18949,46,2013-08-08 12:54:24+00:00, ,365455955254718465,en,0,0,0,0,TweetDeck,"RT @keepitrealdude: DANSKE BANK:We close our FX recommendation to buy USD against a basket of EUR, GBP, JPY and CHF and take a loss of 2.1%."
232891639,keepitrealdude,False,1248,56,8875,41,2013-08-08 12:52:56+00:00, ,365455585195470848,en,0,0,0,0,Twitter Web Client,"DANSKE BANK: We close our FX recommendation to buy USD against a basket of EUR, GBP, JPY and CHF and take a loss of 2.1%."
1536214254,ForexOnlinePart,False,277,663,22,0,2013-08-08 09:35:53+00:00, ,365405998334226432,en,0,0,0,0,Twitter Web Client,"The EUR/USD broke up and reached our first target at 1.3350. From here, we can expect the pair to continue towards the 1.34 area."
20846084,warburg100,False,1622,407,50016,107,2013-08-08 06:42:01+00:00, ,365362243665281024,en,0,0,0,0,TweetDeck,"MS entered into a macro tactical short EUR/USD trade from 1.3300 with a stop at 1.3440, and a target at 1.2700."
760883833,petergo99037185,False,234,40,304257,2,2013-08-08 01:05:24+00:00, ,365277532188192769,en,1,0,1,0,Twitter Web Client,"It appear that EUR/USD shud be bet DOWN, THE BOJ is pushing YEN down to make exporters RICHER, this affects $USD, pushes EURO and GBP down.."
274566948,HappyEasterDay,False,320,11,46230,2,2013-08-07 21:46:16+00:00, ,365227417989681153,en,0,0,0,0,Google,"1.3340/45 is the high established last week, and EUR/USD is testing there now, through today’s highs. Its likely to…"
850040984,trendtraderplus,False,684,0,16951,28,2013-08-07 18:24:43+00:00, ,365176694937616386,en,0,0,0,0,Twitter Web Client,"#USD/CAD: Today's further declines in crude oil price are propelling CAD weaknes and thus $CAD higher, even while Cable and EUR rally. #fx"
576985163,PipSqueakTrader,False,38,25,969,1,2013-08-07 16:30:09+00:00, ,365147861773598720,en,0,0,0,0,StockTwits Web,"Look at balance sheets of the Fed and ECB. Tells you all you need to know. Fed growing, ECB shrinking. EUR rises rel to USD $EURUSD"
628521553,JamesDewds,False,179,391,5048,5,2013-08-07 15:02:09+00:00, ,365125719707230210,en,0,0,0,0,Twitter Web Client,"#GBPUSD’s gains, &amp; #USD’s slide against the #EUR and #JPY, have seen the USD index drop through some important support"
891500648,FX_ElliottWave,False,5578,17,2730,102,2013-08-07 14:56:12+00:00, ,365124218746191872,en,0,0,0,1,Twitter Web Client,$USDX is weaker early Wednesday but still has not broken its prior low. $USD is stronger against $JPY and mostly flat against $EUR and $CHF.
1423244396,bradleyjason332,False,174,58,3370,3,2013-08-07 14:55:11+00:00, ,365123963434700800,en,0,0,0,0,Twitter for Android,Gold/Jpy has hit a good support. Go long Usd/Jpy and Eur/Jpy.
701897041,MichelLeter2,False,125,459,230,3,2013-08-07 13:58:05+00:00, ,365109595263336448,en,0,0,0,0,Twitter Web Client,Short EUR/USD 1 lot move the SL to the entry level @ 1.3310 TP unchanged @ 1.3280 and delete 3 lots long limit order.
760883833,petergo99037185,False,234,40,304257,2,2013-08-07 13:51:01+00:00, ,365107818614890497,en,0,0,0,0,Twitter Web Client,"$USD 81.45 -0.15 (minus is good), it will help STOCKS, OIL, METALS like $GLD and $SLV, plus good for EUR &amp; GBP coins vs $USD."
151848500,TomMcForex,False,1526,276,13727,48,2013-08-07 13:32:05+00:00, ,365103049963868161,en,0,0,0,0,TweetDeck,Cheeky 10 pip scalp there in Eur/Usd and that's my trading done for the day.
974345539,MyTreasuryAdv,False,693,1791,1046,13,2013-08-07 12:29:50+00:00, ,365087386985701377,en,0,0,0,2,LinkedIn,"Sterling up 2% over the last week v EUR and USD so it would be prudent to take advantage, especially on £/$ if it reaches 1.55 again."
277148201,JC_Urbano,False,409,731,8167,10,2013-08-07 11:05:33+00:00, ,365066176394559489,en,0,0,2,0,Twitter for iPad,"Scholarship recipe for GDP growth: devaluate EUR to 1.2 vs USD nothing about inflation, savings and efficiency drivers..."
886377691,WhitesPay,False,602,554,2869,17,2013-08-07 10:39:11+00:00, ,365059540846260224,en,0,0,0,0,Facebook,Dollar and Euro weakens against the Pound. USD 1.5410 - EUR 1.1583
43513379,4mostCurrency,False,2194,3190,12567,43,2013-08-07 09:46:45+00:00, ,365046342810222592,en,0,0,0,0,Twitter Web Client,"Sterling tumbles after Carney speaks, falling 1% before recovering slightly. Currently 1.15 vs EUR and 1.5267 vs USD. Slowly climbing back."
615155210,SableFX,False,308,570,1214,6,2013-08-07 09:44:32+00:00, ,365045788218368001,en,0,0,0,0,LinkedIn,BoE inflation report causes huge volatility.  Markets saw a sterling sell-off lose nearly 1c against EUR and 0.5c against USD
1073908572,NSFX_Trading,False,4881,6182,19705,175,2013-08-07 09:12:18+00:00, ,365037673527779331,en,0,0,0,0,Hootsuite,LATEST: EUR/USD is off 40 pips from the supply line that links the descending tops in January and June.
25825021,michaelpls91,False,449,1752,6221,1,2013-08-07 09:00:41+00:00, ,365034753382035456,en,0,0,0,0,Twitter Web Client,"The JPY has strengthened 0.7 percent and 0.5 percent against the EUR and the USD, respectively,"
1469157986,HistomiMusa,False,195,23,468,2,2013-08-07 07:55:11+00:00, ,365018269012332545,en,0,0,0,0,Twitter Web Client,@ForexWealthGuru thanks alots i made 50 pips from EUR/JPY and 20 pips from USD/JPY......     YOU ARE TOO MUCH MUAHHHHHHH
143759435,ForexSaint,False,528,10,6498,10,2013-08-07 07:29:27+00:00, ,365011791459254273,en,0,0,0,0,Twitter Web Client,aha RT @TradeDesk_Steve  USD strengthening sharply here agst EUR and GBP on comments from China that H2 CNY move will be slower than in H1
593782932,JDarrer,False,176,558,2227,2,2013-08-07 07:27:42+00:00, ,365011351443210240,en,0,0,0,0,TweetDeck,RT @TradeDesk_Steve: USD strengthening sharply here agst EUR and GBP on comments from China that H2 CNY move will be slower than in H1
316485110,TradeDesk_Steve,False,20765,1765,64737,927,2013-08-07 07:27:09+00:00, ,365011213370929153,en,0,0,0,5,TweetDeck,USD strengthening sharply here agst EUR and GBP on comments from China that H2 CNY move will be slower than in H1
270119013,MarchBreakDays,False,275,10,47994,1,2013-08-07 05:49:36+00:00, ,364986664147365889,en,0,0,0,0,Google,"EUR/USD again testing the resistance line from Feb 2013, now at $1.3312 and part of initial res, however, bulls fail…"
28366310,DailyFXTeam,False,146776,63,382464,2839,2013-08-07 04:38:19+00:00, ,364968724089946112,en,0,0,0,2,Twitter Web Client,"$JPY beating all majors today and $USDJPY falls to a new monthly low. Against USD: JPY +0.42%, EUR -0.05%, GBP -0.14%, AUD -0.24%."
17513118,32auctions,False,27072,8738,57651,146,2013-08-07 02:57:41+00:00, ,364943400140685312,en,0,0,0,0,Twitter for Android,"Our silent auction service has full support for 5 currencies (USD, CAD, AUD, GBP, EUR), including online payment and donation collection."
91571187,Jason_Dude,False,419,457,9253,9,2013-08-06 19:14:38+00:00, ,364826867766792192,en,0,0,0,0,Twitter for Windows,"@cato9lives Lol Ruebert is actually short USD/JPY, long USD/CHF, Short AUD/USD, long GBP/USD and short EUR/USD. (at abt breakeven overall)"
1619942736,GreedyTrader81,False,146,44,4992,12,2013-08-06 16:25:53+00:00, ,364784402741465088,en,0,0,0,0,Twitter for Android,I am long at the moment on EUR/USD. I'll be closing the shop and covering those profits.
586537487,Trust_Capital,False,2014,1803,50949,36,2013-08-06 14:41:31+00:00, ,364758139259723777,en,0,0,0,0,Twitter Web Client,EUR/USD touching 1.3300 and beyond
33973843,PipCzar,False,60157,767,84785,1839,2013-08-06 14:23:07+00:00, ,364753508743909377,en,1,0,2,1,TweetDeck,"USD not following risk trends, however EUR and GBP vs high beta are...."
36045940,jamielesinski,False,985,94,11208,40,2013-08-06 10:25:29+00:00, ,364693702804897792,en,0,0,0,0,LinkedIn,"Pricing on GBP/HKD, EUR/USD, GBP/USD and GBP/AUD (both ways)...so a wide range of currencies interesting me client of late."
55513519,TraderJJS,False,4712,6,9956,87,2013-08-06 07:34:36+00:00, ,364650700334051328,en,0,0,0,0,Twitter Web Client,... until PA moved away and comes back. In between 1.3344 (high 07/31). Eco EUR 6 am german Factory Orders and USD 8:30 Trade Balance.
1423244396,bradleyjason332,False,174,58,3370,3,2013-08-05 19:37:29+00:00, ,364470230690840576,en,0,0,0,0,Twitter for Android,Pre RBA rate decision could see some exodus with long Eur/Aud and short Aud/Usd. Close now or forever hold your peace.
35796723,JeremyWS,False,5044,543,18861,207,2013-08-05 18:38:05+00:00, ,364455283713511424,en,0,0,0,0,TweetDeck,"Long against USD, EUR and GBP. 0.9, 1.4725 and 1.7050 are my targets respectively"
567281114,TrueandHonest1,False,231,1416,177,1,2013-08-05 16:45:38+00:00, ,364426982622105602,en,0,0,0,0,Twitter Web Client,Stopped out on the 6E  - 13 pips  I'll just group together 6E or EUR/USD trades and record them together as pips on the running totals
283092114,4x2day,False,24,147,391,2,2013-08-05 14:37:38+00:00, ,364394773563441153,en,0,0,0,0,TweetDeck,"Buying a quick $EUR/USD uptrend here at $1.3247, with stop loss @ $1.3228 and TP TBD. However, still bearish this pair long-term..."
33973843,PipCzar,False,60157,767,84785,1839,2013-08-05 14:06:20+00:00, ,364386895498711040,en,0,0,0,0,TweetDeck,"closed USD longs against EUR, GBP, SEK, NOK and CHF, from post FOMC day. GBP was the only loss."
999696422,ArgusFeed,False,151,177,42297,9,2013-08-05 12:40:34+00:00, ,364365313346764800,en,0,0,0,0,Hootsuite,"#RLT Morgan Stanley open shorts in EUR/USD at 1.3270 with stop-loss at 1.3430, and potential target at 1.3000/1.29..."
423274783,SteliosConto,False,4950,700,20221,442,2013-08-05 09:36:56+00:00, ,364319099737739266,en,0,0,0,0,Twitter Web Client,"@cocodinos I'm long GBP vs USD and EUR. I particularly like being long GBPUSD, as I think the US is in very deep trouble. My humble opinion"
423274783,SteliosConto,False,4950,700,20221,442,2013-08-05 09:28:31+00:00, ,364316979156365312,en,0,0,0,0,Twitter Web Client,"Still like GBP, esp after the recent encouraging numbers. Long vs USD and EUR, I particularly like being long cable. Med term target 1.70"
75555522,jdnetprofits,False,252,413,2808,2,2013-08-05 04:23:03+00:00, ,364240108884463617,en,0,0,0,0,Twitter Web Client,"will avoid to go long on EUR.USD, on the other hand EURO will gain against commodity pairs and minors.  5th Aug'2013 JD Group"
383188100,FXspacetrader,False,909,308,40233,26,2013-08-04 08:45:05+00:00, ,363943662486822913,en,0,0,0,0,Twitter for iPad,Eur /usd still in this range 13160/13340 await candle signals near tops and bottoms with over shoots and sneak attacks out of range
243592245,sanjay_k_sinha,False,251,2220,4557,6,2013-08-03 15:57:34+00:00, ,363690113647124480,en,0,0,0,0,Twitter Web Client,"For once i hope they r right..RT :JPM:""Stay long USD versus Asia for the trend, and long versus EUR and GBP for moves within recent ranges."""
434784790,the_dti,False,99740,894,22842,276,2013-08-03 13:08:32+00:00, ,363647572180598784,en,0,0,0,1,Twitter Web Client,"On average, the rand gained strength in April against the US dollar, however it suffered depreciation in May against the USD, EUR and GBP."
1639035632,ProForexNews,False,8,3,25,0,2013-08-02 15:14:35+00:00, ,363316905819377667,en,0,0,0,0,Twitter Web Client,"Recommended long USD positions against EUR, CHF, GBP, and JPY"
1639035632,ProForexNews,False,8,3,25,0,2013-08-02 15:11:22+00:00, ,363316099497988096,en,0,0,0,0,Twitter Web Client,"Credit Suisse maintains its technical tactical short EUR/USD position with a stop at 1.3435, and a target at 1.3025."
1423244396,bradleyjason332,False,174,58,3370,3,2013-08-02 15:10:34+00:00, ,363315895999160320,en,0,0,0,0,Twitter for Android,Usd/Jpy giving room for Aud/Usd. I like long Aud/Usd and short Eur/Aud.
405492894,Racing_Shark,False,1317,1,8390,9,2013-08-02 15:06:33+00:00, ,363314885859344386,en,0,0,0,0,TweetDeck,No winners today and the RSI is breaking down on the EUR/USD 5pips from my stop loss.... Still time to salvage some sort of profit this week
65616414,L0gg0l,False,12431,2864,42584,493,2013-08-02 14:44:40+00:00, ,363309378075496448,en,0,0,0,0,TweetDeck,EUR/USD technically important points here. stops above 1.33 and 1.3350
29708582,FXDIRK,False,31580,3556,42567,503,2013-08-02 13:57:12+00:00, ,363297431942737920,en,0,0,0,0,Twitter Web Client,"@forexjay1 @spz_trader @PipCzar a Fib-thing &gt; EUR/USD came back from 61.8 and coul now push down to 50.0 around those 1,3250ies"
1537928334,jokevh63,False,19,93,88,0,2013-08-02 13:01:25+00:00, ,363283396002185219,en,0,0,0,0,Twitter Web Client,@Flynchenberg Eur/Usd and gold break out
313134690,MartinNduati,False,538,477,4486,0,2013-08-02 12:36:21+00:00, ,363277087794143233,en,0,0,0,0,Twitter Web Client,"Non-Farm Employment 162k from 195k, unemployment rate 7.4% down from 7.6%. USD takes a plunge against EUR and GBP."
586537487,Trust_Capital,False,2014,1803,50949,36,2013-08-02 10:22:59+00:00, ,363243525518798848,en,0,0,0,0,Twitter Web Client,EUR/USD slammed by steady ECB and better US data
56718556,james_alliss,False,229,4,2770,1,2013-08-02 09:52:13+00:00, ,363235780120309760,en,0,0,0,0,Twitter for iPhone,My focus is now EUR/USD again. It's a very nice looking short because of the 76.4 Fibo and that other majors have dropped against the USD.
147017457,nknewsorg,False,84062,932,93154,2014,2013-08-02 07:23:03+00:00, ,363198241216544769,en,0,0,1,0,TweetDeck,Exchange rate in Kwangbok (Chinese) supermarket is KPW 7300 per 1 USD and KPW 9345 per 1 EUR.
576615385,fibstalker,False,1225,90,4470,29,2013-08-02 02:25:40+00:00, ,363123404020256768,en,0,0,0,0,Twitter Web Client,"@ForexStopHunter Thanks for inviting me next week my friend. #FXroom Very interesting times. Will talk about EUR/USD, S&amp;P500 and USD/JPY"
1423244396,bradleyjason332,False,174,58,3370,3,2013-08-01 17:30:32+00:00, ,362988732284010496,en,0,0,0,0,Twitter for Android,Eur/Usd could easily hold at 1.3200 here. Traders need final Friday fireworks and Cot reports to confirm a direction change.
75588314,jhbain,False,128,87,3408,0,2013-08-01 14:31:43+00:00, ,362943732351381506,en,0,0,0,0,Twitter Web Client,"Still long on usd/jpy and  short aud/usd , eur/usd,"
33780459,crisptoast,False,605,26,14943,30,2013-08-01 14:11:47+00:00, ,362938717243060224,en,0,0,0,0,Twitter Web Client,"EUR.USD is still bid, but it seems with a little less convinction then previously ... 1.3200 taken out and a hold below  not a shocker ..."
149846267,ConsultingOrg,False,196,262,4250,6,2013-08-01 13:57:51+00:00, ,362935207269109760,en,0,0,0,0,Twitter for iPhone,#Egypt 's army and police are proceeding in dispersing the #Anticoup sit ins. #Egypt #Morsi #EU #UK #RU #USD #Obama #SecKerry #Fr #AUD #EUR
1073908572,NSFX_Trading,False,4881,6182,19705,175,2013-08-01 13:00:52+00:00, ,362920868629848065,en,0,0,0,0,Hootsuite,LATEST: EUR/USD off from intraday low of 1.3193 and heading to the morning range with ceiling of 1.3250.
632913297,ForexGN,False,68,0,8580,0,2013-08-01 11:53:08+00:00, ,362903823334903808,en,0,0,0,0,Twitter Web Client,recommendation (BUY ) (EUR\USD ) date ( 4-7-2013 ) opened and closed at the same point at 1.2912
156058889,Trader_Dante,False,128324,0,59734,2457,2013-08-01 11:43:06+00:00, ,362901297202069505,en,0,0,1,0,TweetDeck,@DarekFx it was a very unique situation in bund and if I had been trading EUR/USD there I would have taken a loser too no doubt
156058889,Trader_Dante,False,128324,0,59734,2457,2013-08-01 11:40:01+00:00, ,362900523508187138,en,0,0,0,0,TweetDeck,@DarekFx The reason I got a winner in the Bund and you didn't in the Eur/Usd is because Bund is a far superior market to trade!
161374208,Idprasetya_,False,59,20,1365,1,2013-08-01 11:12:26+00:00, ,362893582522253312,en,0,0,0,0,Twitter Web Client,"Thanks God for what you've given to me today. For the ciggar, coffe and profits... I hope i'll make another profits from $EUR and $USD."
319362294,uofaeng,False,2040,3011,30707,96,2013-08-01 10:22:42+00:00, ,362881065846710273,en,0,0,0,0,Twitter for iPhone,"Wow, USD/JPY's blowing up! And EUR/JPY's following it up. EUR/USD's going down. So far, USD&gt;EUR&gt;JPY."
13811562,sazzy,False,46776,343,27150,2593,2013-08-01 09:38:41+00:00, ,362869986718515201,en,0,0,1,0,Tweetbot for Mac,"@stripe I’m on the UK Beta and in “Transfers” in settings, I only have EUR or USD as an option, on inputting my bank account details."
826269246,fereous,False,136,27,11112,13,2013-08-01 09:24:23+00:00, ,362866387808559104,en,0,0,0,0,TweetDeck,@laplace2011 Wd be interesting if both U/J and EUR r bearish...cause both r being driven by USD strength (moving opposingly)
233487492,timonihFunds,False,390,1391,5156,7,2013-08-01 09:03:17+00:00, ,362861078310428672,en,0,0,0,0,Twitter Web Client,"despite good EU data,EUR/USD still under pressure of what might come out of Euro-Zone rate decision and comments afterwards from super Mario"
45327059,moonmanflex,False,690,1314,6367,27,2013-08-01 08:37:40+00:00, ,362854632097193984,en,0,0,0,0,Twitter Web Client,i get a feeling that the ECB negative rate guidance expectation lead EUR dropping and USD rising which made the UST drop against BUND..
1188048668,PrimeFXltd,False,713,1598,15658,12,2013-08-01 07:38:55+00:00, ,362839848438079489,en,0,0,0,0,Twitter Web Client,"Busy day ahead - #BoE and #ECB statements, EU &amp; UK manufacturing data, US will release jobless claims and ISM manufacturing. #eur #gbp #usd"
175339940,ChristophLawton,False,3154,1312,7670,80,2013-08-01 07:21:13+00:00, ,362835392002666496,en,0,0,0,0,Twitter Web Client,"ECB is likely to offer a more dovish assessment today, says Barclays. Favors being short EUR against both USD and GBP."
118955802,Cyclopip,False,2479,330,3362,80,2013-08-01 03:13:46+00:00, ,362773119913566208,en,0,0,1,0,Hootsuite,@elgitano5720 I know what you mean! Even pairs like EUR/USD and GBP/USD can have crazy spreads when it's crunch time. Haha
170707174,DCBorthwick,False,11588,926,56846,271,2013-07-31 19:01:00+00:00, ,362649112044257281,en,0,0,1,0,TweetDeck,"@nicole_hong Re Strong EUR/USD... Not Amazing, they are the only ones who aren't printing.... BOJ and FED busy Printing while ECB stands Pat"
425240454,mattjustice13,False,1380,260,7241,58,2013-07-31 18:55:17+00:00, ,362647673569947650,en,0,0,0,0,Twitter for iPhone,Went long EUR/USD and short JPY/USD. Cowboy trade
372460791,reinman_mt,False,5370,2471,89291,208,2013-07-31 18:12:10+00:00, ,362636822800629761,en,0,0,0,0,TweetDeck,Santelli and EUR/USD algos both need to take some Xanax.
1423244396,bradleyjason332,False,174,58,3370,3,2013-07-31 17:39:47+00:00, ,362628674589175810,en,0,0,0,0,Twitter for Android,This is where Aud/Usd hits 88.65 area and bounces and Eur/Usd falls back to 1.3100 territory. This is absolutely a possibilty here.
584908627,apwtrader,False,2808,158,8413,151,2013-07-31 17:17:04+00:00, ,362622955349475330,en,0,0,1,0,TweetDeck,"@joselopezde Pretty much all equities, bund, oil, eur/usd and anything else that's likely to move for a particular reason that day"
927837920,omni2226,False,129,350,3821,0,2013-07-31 16:53:27+00:00, ,362617012511444993,en,0,0,0,0,Twitter Web Client,@JohnKicklighter Eur/Usd starting to get action. Moved around 90 pips up and down in last few hours :)
17469022,zentrader1254,False,263,243,18913,9,2013-07-31 16:19:09+00:00, ,362608381573345280,en,0,0,0,0,Twitter for iPhone,I am expecting a shock and awe dovish surprise in today's Fed statement. $EUR/USD
372460791,reinman_mt,False,5370,2471,89291,208,2013-07-31 16:07:08+00:00, ,362605357878607872,en,0,0,4,0,TweetDeck,"Jeebus. Went to move sprinklers, and EUR/USD pushing towards 1.3300."
252584436,owsi1968,False,6370,366,53774,148,2013-07-31 15:09:58+00:00, ,362590969264214016,en,0,0,0,0,Twitter Web Client,Roller coaster ride on many fx pairs..No change for me..Still long USD contra aud  eur cad and chf..Holding positions
1537694726,CoinMinded,False,336,253,7968,21,2013-07-31 13:40:54+00:00, ,362568557579612160,en,0,0,0,0,WordPress.com,"Vircurex Review – Trade and Exchange BTC, LTC, DVC, FTC, TRC, NMC, PPC, IXC, USD and EUR Cryptocurrency Exchange…"
383188100,FXspacetrader,False,909,308,40233,26,2013-07-31 12:41:54+00:00, ,362553706257981441,en,0,0,0,0,Twitter Web Client,eur/usd looking for support around 13220 price action and buyers coming along await confirmation
152644285,maycagdas,False,67,114,910,0,2013-07-31 11:53:39+00:00, ,362541567191416833,en,0,0,0,0,Twitter Web Client,"#EURUSD $EURUSD + Sell CHF, JPY against other pairs and sell EUR, GBP against USD. All in all BUY USD and GO !!!"
152644285,maycagdas,False,67,114,910,0,2013-07-31 11:14:54+00:00, ,362531812783816706,en,1,0,0,0,Twitter Web Client,#EURUSD $EURUSD #USDCHF $USDCHF Sell EUR and CHF against the USD. And buy USD as much as you can. Here is the point of the USD storm !!!
400003423,shaun_hat1,False,77,127,944,3,2013-07-31 11:12:33+00:00, ,362531221059809280,en,0,0,0,0,Twitter for BlackBerry®,Support for EUR/USD is at 1.3250 and 1.3170. Resistance seen at 1.3300. 1.3250-1.3300 is the range ahead of data.
1619942736,GreedyTrader81,False,146,44,4992,12,2013-07-31 08:39:56+00:00, ,362492815344803841,en,0,0,0,0,Hootsuite,EUR/USD I see some slight bearish divergence and tightening on the bollinger. A breakout is imminent. No is the time to keep those stop...
55513519,TraderJJS,False,4712,6,9956,87,2013-07-31 07:35:32+00:00, ,362476609065852928,en,0,0,0,0,Twitter Web Client,"... Previous session's POC 1.3263 will get valid, if price moves away and returns. Eco EUR 5 am CPI Flash + Unemployment, USD 8:15 ADP, ..."
54317454,adityaruli,False,451,452,16270,1,2013-07-31 04:04:34+00:00, ,362423515196047360,en,0,0,0,0,Twitter for iPhone,What's so important between EUR and USD. The fighting continues and gonna be long road. If you save you can safe.
162655910,Systematic_FX,False,1108,496,12997,76,2013-07-31 03:42:45+00:00, ,362418027473547265,en,0,0,0,0,Plume for Android,"#GBP/USD  lower from last weeks 1.5435 high print making a low at 1.5224. Still prefer sell rallies and buy #EUR/GBP #dips into #BOE.

 "
40041932,TraderRy,False,98,287,3560,8,2013-07-31 03:37:04+00:00, ,362416596116963329,en,0,0,0,0,Twitter for Mac,EUR/USD 4hr volatility squeeze 1.3310 and 1.3230
234268954,uknewthinking,False,1610,36,11542,59,2013-07-30 21:26:59+00:00, ,362323461571485696,en,0,0,0,0,Twitter Web Client,Wednesday is a huge day for the #dollar with 2 big econ releases and the Fed. Key EUR/USD levels 1.3300 and 1.3170
1587091,localphone,False,1465,0,1727,35,2013-07-30 21:17:35+00:00, ,362321096541880323,en,0,0,1,0,Twitter Web Client,Great News! Decreased rates to Mobile in Morocco: New rate for GBP is 15.8p and new rate for EUR is 19.8c. Rates in USD remain the same.
27019150,volatilitysmile,False,8470,7903,280897,342,2013-07-30 19:50:20+00:00, ,362299139595321344,en,0,0,0,0,TweetDeck,"@M_C_Klein in other words, if you bother to take eur/usd (better yet, inverted, usd/eur) and layer it on EZ trade deficit, it will be clear"
27019150,volatilitysmile,False,8470,7903,280897,342,2013-07-30 19:45:46+00:00, ,362297990578319361,en,0,0,0,0,TweetDeck,"@M_C_Klein except that EZ imports most of its energy which trades in USD, and say, Airbus competes with Boeing based on EUR vs USD, etc etc"
27019150,volatilitysmile,False,8470,7903,280897,342,2013-07-30 19:32:41+00:00, ,362294695130447872,en,0,0,1,0,TweetDeck,@M_C_Klein @TheStalwart correlate these to the EUR/USD and to the US and EUR monetary policy indicators and might be useful
586537487,Trust_Capital,False,2014,1803,50949,36,2013-07-30 15:06:04+00:00, ,362227602120908800,en,0,0,0,0,Twitter Web Client,EUR/USD turns negative and hits 5-day low
47576750,feraboli,False,81,326,1192,0,2013-07-30 14:51:15+00:00, ,362223873179131906,en,0,0,0,0,Twitter Web Client,"Hey @UuniDesign, I'm trying to change from USD to EUR on your site with (FF or Chrome) and doesn't seem to work. What's the price in EUR?"
392757828,AysunKaraytug,False,40175,221,11649,211,2013-07-30 14:34:46+00:00, ,362219721891913729,en,0,0,0,2,Twitter for iPad,"“@TradeDesk_Steve: FLOW - USD demand again. DXY breaking trendline resistance on hourlies. sellers of EUR, AUD and GBP.”"
316485110,TradeDesk_Steve,False,20765,1765,64737,927,2013-07-30 14:31:11+00:00, ,362218822754770945,en,0,0,1,0,TweetDeck,"FLOW - USD demand again. DXY breaking trendline resistance on hourlies. sellers of EUR, AUD and GBP."
33780459,crisptoast,False,605,26,14943,30,2013-07-30 14:22:39+00:00, ,362216675774443520,en,0,0,0,0,Twitter Web Client,EUR:USD repeated failure to take 1.3300 and longs might be taking some profit ahead of the data releases ...
1630615561,DavidFXpress,False,28,97,125,2,2013-07-30 13:04:00+00:00, ,362196882065330177,en,0,0,1,0,Twitter Web Client,"@DavidJSong It feels like USD, GBP and EUR are unphased by news releases just now, waiting for the big ones...?"
101643788,1hourworkweek,False,205,245,2298,32,2013-07-30 11:06:09+00:00, ,362167225169362944,en,0,0,0,0,Twitter Web Client,I'm trying a long EUR/USD from current levels and still selling USD/JPY rallies (including a few other yen crosses too). Good luck!
20243744,FOREXcom,False,203864,124,46855,2281,2013-07-30 08:41:37+00:00, ,362130851535925249,en,0,0,0,0,Twitter Web Client,"In #FX:  the Aussie is still the  weakest performer closely followed by the SEK, EUR is the best performer, while  USD and GBP are mixed ^KB"
760883833,petergo99037185,False,234,40,304257,2,2013-07-30 07:42:57+00:00, ,362116085413187584,en,0,0,1,0,Twitter Web Client,"BET BOTH EUR/USD and GBP/USD DOWN stops 15 pips.

EUR/USD 1.3266

GBP/USD 1.5341"
760883833,petergo99037185,False,234,40,304257,2,2013-07-30 07:25:18+00:00, ,362111643250982913,en,0,0,1,0,Twitter Web Client,@petergo99037185 betting EUR/USd and GBP/USD DOWN are good moves with BOJ pushing $/YEN down... $DAX $SPX
602789712,FX_ACTIVE,False,38,307,213,1,2013-07-30 05:42:04+00:00, ,362085667339124738,en,0,0,0,0,Twitter Web Client,Short EUR/USD and GBP/USD
96147794,yoongichiii,False,187,95,138898,3,2013-07-30 04:39:29+00:00, ,362069916695793666,en,0,0,0,1,TweetCaster for Android,"The price for the album is 17,900 won , that means 16,06 USD and 12,12 EUR."
1469101279,aantonop,False,733934,0,30951,10771,2013-07-29 23:20:42+00:00, ,361989690808741888,en,1,0,0,2,TweetDeck,"Thailand banned legitimate use of bitcoin. Illegitimate use of USD, EUR and bitcoin, of course, unaffected."
370391583,iamfhil,False,193,184,2431,7,2013-07-29 22:02:49+00:00, ,361970091606278144,en,0,0,0,0,Twitter for BlackBerry®,"EUR/USD spooky move today, stayed put and made some couple pips. :)"
193835324,Ibrathemourinho,True,55,294,460,1,2013-07-29 19:34:25+00:00, ,361932744755920896,en,0,0,0,0,Twitter Web Client,Speech to money making: buy eur/usd and gbp/usd and short massively usd/yen.
31626439,tinaLillet,True,445,189,50366,14,2013-07-29 17:22:36+00:00, ,361899571263188993,en,1,0,0,0,Twitter for iPhone,"*looks at USD - Eur conversion*

@BarackObama can you get our dollar on the up and up?! 

Love, 
 Every student studying abroad."
1428940927,FXEducacion,True,325,874,473,3,2013-07-29 14:27:31+00:00, ,361855510741385216,en,0,0,0,0,Twitter Web Client,"#JPY rally has come to an end. Good opportunity for long positions en EUR &gt;130 , USD &gt; 98 and GPB &gt;150.75  againts JPY"
25488729,Francesc_Forex,True,32118,392,148642,729,2013-07-29 14:25:27+00:00, ,361854989678821377,en,0,0,0,1,Twitter Web Client,"Societé Generale: As we head into August, we are likely to approach key entry points in the long USD, short EUR and JPY trades"
25488729,Francesc_Forex,True,32118,392,148642,729,2013-07-29 13:21:53+00:00, ,361838995606470656,en,0,0,0,3,Twitter Web Client,"JP Morgan: NOK and SEK still have significant down risk vs USD. Stay long USD/CAD, USD/NOK, CAD/JPY, TRY/JPY and short EUR/USD"
142257761,hirowler,True,5,3,22,0,2013-07-29 13:19:55+00:00, ,361838497335754753,en,0,0,0,0,Twitter for Android,Eur/jpy and usd/jpy hit target 1 overnight.  Another 320 pips in the bank!
17142625,NintenDaan,True,14143,1265,116584,227,2013-07-29 12:20:12+00:00, ,361823472172802049,en,0,0,0,2,Twitter Web Client,"3DS eShop tite SteamWorld Dig is coming on August 8, 2013. Releasing in Europe, Australia and America for 8.99 USD / 8.99 EUR / 11.99 AUS."
440203286,ProsperityFXPro,True,459,0,5289,13,2013-07-29 12:13:55+00:00, ,361821891205414913,en,0,0,0,0,Twitter Web Client,1.3259 was probably the last minor buy for EUR/USD with stop loss 1.3232 and take profit 1.3393
190283221,CornhillFX,True,789,200,3062,32,2013-07-29 08:37:50+00:00, ,361767509759766528,en,0,0,0,0,Twitter Web Client,EUR/USD trading just below $1.33 and GBP/USD $1.54 - big week for economic data releases - expect volatility to pick up #FX
20243744,FOREXcom,True,203864,124,46855,2281,2013-07-29 07:17:44+00:00, ,361747351943122945,en,1,0,0,1,Twitter Web Client,"FX: the yen, USD and NOK are stronger today,  while the EUR, CAD and GBP are mixed, and CHF, AUD and NZD are weaker. ^KB #FX"
38402800,Scofield_Fx,False,1865,2057,57239,68,2013-07-29 05:46:11+00:00, ,361724313285574656,en,0,0,0,0,TweetDeck,USD/ZAR is at 9.77 with very mild downside bias; EUR/ZAR and GBP/ZAR seem happy at just under 13.00 and just over 15.00 respectively.
259604418,RMBCIB,False,14257,247,21478,127,2013-07-29 05:01:58+00:00, ,361713187709652993,en,0,0,0,4,Ensight,USD/ZAR is at 9.77 with very mild downside bias; EUR/ZAR and GBP/ZAR seem happy at just under 13.00 and just over 15.00 respectively.
68574561,fuckinternet,False,175,1785,16911,19,2013-07-29 04:47:56+00:00, ,361709653127737345,en,0,0,0,0,Twitter Web Client,just slapped #nomura 30mln aud/usd and eur/usd
549188699,RichiePoshMan,False,167,643,1956,2,2013-07-29 04:39:46+00:00, ,361707599642636288,en,0,0,0,0,Twitter for iPhone,Hoping the Eur/Usd hits the resistance level this week. That will be selling at 1.3370 and closing deal at 1.3300 or further at 1.3270.
278937347,mosesharding,False,5905,52,64084,127,2013-07-29 04:08:02+00:00, ,361699611439669248,en,0,0,0,0,Twitter Web Client,EUR/USD may not have steam to extend (or sustain) its strength beyond 1.3450; wud stay with set NT range and watch momentum at higher end
329787485,lynbeej,False,96,454,2922,1,2013-07-28 20:51:29+00:00, ,361589752337661952,en,0,0,0,0,Twitter for Android,@JBoorman check out @blakeyerian on stocktwits.... hes been saying go long: yen aud nzd ... and short: eur gbp usd cad  since thursday.
541793386,BrainsAllGone,False,710,17,1023,4,2013-07-28 17:27:31+00:00, ,361538421757444097,en,0,0,0,2,Twitter Web Client,"Wanna order our debut EP? 
Price with the shipping: 7 USD; 5 EUR; 5 GBP. Send your orders and any questions to brainsallgoneorders@gmail.com"
137303585,trejdevins,False,64,186,2592,4,2013-07-28 17:06:57+00:00, ,361533248154771459,en,0,0,0,0,Twitter Web Client,@FXCM EUR/USD loves 50s and 100s now more than ever.
89829140,phillbyrne,False,35,67,1301,3,2013-07-26 20:08:56+00:00, ,360854270083465216,en,0,0,0,0,Twitter for iPhone,"@Strangeways21 GFED me up, i will take USD, EUR GBP and CHF! Im glad we have @gemjuice  on board! SME. I hope all charges our?"
50360920,Yogi_Chan,False,12200,462,22663,443,2013-07-26 16:20:01+00:00, ,360796660860846082,en,0,0,0,0,Twitter Web Client,"EUR now flat vs USD at $1.3276 after Serbia, Slovenia and Czech Rep get the nod from ratings agencies"
